[
{
  "model": "admin.logentry",
  "pk": 1,
  "fields": {
    "action_time": "2025-09-16T01:56:23.446Z",
    "user": 1,
    "content_type": 7,
    "object_id": "1",
    "object_repr": "chest",
    "action_flag": 1,
    "change_message": "[{\"added\": {}}]"
  }
},
{
  "model": "admin.logentry",
  "pk": 2,
  "fields": {
    "action_time": "2025-09-16T01:56:28.307Z",
    "user": 1,
    "content_type": 7,
    "object_id": "2",
    "object_repr": "back",
    "action_flag": 1,
    "change_message": "[{\"added\": {}}]"
  }
},
{
  "model": "admin.logentry",
  "pk": 3,
  "fields": {
    "action_time": "2025-09-16T01:56:32.089Z",
    "user": 1,
    "content_type": 7,
    "object_id": "3",
    "object_repr": "shoulders",
    "action_flag": 1,
    "change_message": "[{\"added\": {}}]"
  }
},
{
  "model": "admin.logentry",
  "pk": 4,
  "fields": {
    "action_time": "2025-09-16T01:56:34.686Z",
    "user": 1,
    "content_type": 7,
    "object_id": "4",
    "object_repr": "biceps",
    "action_flag": 1,
    "change_message": "[{\"added\": {}}]"
  }
},
{
  "model": "admin.logentry",
  "pk": 5,
  "fields": {
    "action_time": "2025-09-16T01:56:47.282Z",
    "user": 1,
    "content_type": 7,
    "object_id": "5",
    "object_repr": "triceps",
    "action_flag": 1,
    "change_message": "[{\"added\": {}}]"
  }
},
{
  "model": "admin.logentry",
  "pk": 6,
  "fields": {
    "action_time": "2025-09-16T01:56:54.298Z",
    "user": 1,
    "content_type": 7,
    "object_id": "6",
    "object_repr": "forearms",
    "action_flag": 1,
    "change_message": "[{\"added\": {}}]"
  }
},
{
  "model": "admin.logentry",
  "pk": 7,
  "fields": {
    "action_time": "2025-09-16T01:56:56.455Z",
    "user": 1,
    "content_type": 7,
    "object_id": "7",
    "object_repr": "abs",
    "action_flag": 1,
    "change_message": "[{\"added\": {}}]"
  }
},
{
  "model": "admin.logentry",
  "pk": 8,
  "fields": {
    "action_time": "2025-09-16T01:56:59.458Z",
    "user": 1,
    "content_type": 7,
    "object_id": "8",
    "object_repr": "quads",
    "action_flag": 1,
    "change_message": "[{\"added\": {}}]"
  }
},
{
  "model": "admin.logentry",
  "pk": 9,
  "fields": {
    "action_time": "2025-09-16T01:57:03.314Z",
    "user": 1,
    "content_type": 7,
    "object_id": "9",
    "object_repr": "hamstrings",
    "action_flag": 1,
    "change_message": "[{\"added\": {}}]"
  }
},
{
  "model": "admin.logentry",
  "pk": 10,
  "fields": {
    "action_time": "2025-09-16T01:57:06.623Z",
    "user": 1,
    "content_type": 7,
    "object_id": "10",
    "object_repr": "glutes",
    "action_flag": 1,
    "change_message": "[{\"added\": {}}]"
  }
},
{
  "model": "admin.logentry",
  "pk": 11,
  "fields": {
    "action_time": "2025-09-16T01:57:10.638Z",
    "user": 1,
    "content_type": 7,
    "object_id": "11",
    "object_repr": "calves",
    "action_flag": 1,
    "change_message": "[{\"added\": {}}]"
  }
},
{
  "model": "admin.logentry",
  "pk": 12,
  "fields": {
    "action_time": "2025-09-16T01:57:32.833Z",
    "user": 1,
    "content_type": 7,
    "object_id": "12",
    "object_repr": "hip flexors",
    "action_flag": 1,
    "change_message": "[{\"added\": {}}]"
  }
},
{
  "model": "admin.logentry",
  "pk": 13,
  "fields": {
    "action_time": "2025-09-16T20:18:15.611Z",
    "user": 1,
    "content_type": 8,
    "object_id": "1",
    "object_repr": "Bench Press (intermediate)",
    "action_flag": 1,
    "change_message": "[{\"added\": {}}]"
  }
},
{
  "model": "admin.logentry",
  "pk": 14,
  "fields": {
    "action_time": "2025-09-16T20:20:57.142Z",
    "user": 1,
    "content_type": 8,
    "object_id": "2",
    "object_repr": "Push-Ups (beginner)",
    "action_flag": 1,
    "change_message": "[{\"added\": {}}]"
  }
},
{
  "model": "admin.logentry",
  "pk": 15,
  "fields": {
    "action_time": "2025-09-16T20:21:22.571Z",
    "user": 1,
    "content_type": 8,
    "object_id": "3",
    "object_repr": "Pull-Ups (intermediate)",
    "action_flag": 1,
    "change_message": "[{\"added\": {}}]"
  }
},
{
  "model": "admin.logentry",
  "pk": 16,
  "fields": {
    "action_time": "2025-09-16T20:21:41.787Z",
    "user": 1,
    "content_type": 8,
    "object_id": "4",
    "object_repr": "Barbell Row (intermediate)",
    "action_flag": 1,
    "change_message": "[{\"added\": {}}]"
  }
},
{
  "model": "admin.logentry",
  "pk": 17,
  "fields": {
    "action_time": "2025-09-16T20:22:27.044Z",
    "user": 1,
    "content_type": 8,
    "object_id": "5",
    "object_repr": "Overhead Press (intermediate)",
    "action_flag": 1,
    "change_message": "[{\"added\": {}}]"
  }
},
{
  "model": "admin.logentry",
  "pk": 18,
  "fields": {
    "action_time": "2025-09-16T20:22:51.205Z",
    "user": 1,
    "content_type": 8,
    "object_id": "6",
    "object_repr": "Lateral Raises (beginner)",
    "action_flag": 1,
    "change_message": "[{\"added\": {}}]"
  }
},
{
  "model": "admin.logentry",
  "pk": 19,
  "fields": {
    "action_time": "2025-09-16T20:24:09.471Z",
    "user": 1,
    "content_type": 8,
    "object_id": "7",
    "object_repr": "Squats (intermediate)",
    "action_flag": 1,
    "change_message": "[{\"added\": {}}]"
  }
},
{
  "model": "admin.logentry",
  "pk": 20,
  "fields": {
    "action_time": "2025-09-16T20:24:46.746Z",
    "user": 1,
    "content_type": 8,
    "object_id": "8",
    "object_repr": "Lunges (beginner)",
    "action_flag": 1,
    "change_message": "[{\"added\": {}}]"
  }
},
{
  "model": "admin.logentry",
  "pk": 21,
  "fields": {
    "action_time": "2025-09-16T20:25:09.039Z",
    "user": 1,
    "content_type": 8,
    "object_id": "7",
    "object_repr": "Squats (intermediate)",
    "action_flag": 2,
    "change_message": "[{\"changed\": {\"fields\": [\"Equipment\"]}}]"
  }
},
{
  "model": "admin.logentry",
  "pk": 22,
  "fields": {
    "action_time": "2025-09-16T20:25:43.954Z",
    "user": 1,
    "content_type": 7,
    "object_id": "13",
    "object_repr": "core",
    "action_flag": 1,
    "change_message": "[{\"added\": {}}]"
  }
},
{
  "model": "admin.logentry",
  "pk": 23,
  "fields": {
    "action_time": "2025-09-16T20:26:06.760Z",
    "user": 1,
    "content_type": 8,
    "object_id": "9",
    "object_repr": "Plank (beginner)",
    "action_flag": 1,
    "change_message": "[{\"added\": {}}]"
  }
},
{
  "model": "admin.logentry",
  "pk": 24,
  "fields": {
    "action_time": "2025-09-16T20:26:28.180Z",
    "user": 1,
    "content_type": 8,
    "object_id": "10",
    "object_repr": "Hanging Leg Raise (advanced)",
    "action_flag": 1,
    "change_message": "[{\"added\": {}}]"
  }
},
{
  "model": "admin.logentry",
  "pk": 25,
  "fields": {
    "action_time": "2025-09-16T20:35:12.928Z",
    "user": 1,
    "content_type": 8,
    "object_id": "11",
    "object_repr": "Dumbbell Fly (beginner)",
    "action_flag": 1,
    "change_message": "[{\"added\": {}}]"
  }
},
{
  "model": "admin.logentry",
  "pk": 26,
  "fields": {
    "action_time": "2025-09-16T20:35:38.798Z",
    "user": 1,
    "content_type": 8,
    "object_id": "12",
    "object_repr": "Incline Dumbbell Press (intermediate)",
    "action_flag": 1,
    "change_message": "[{\"added\": {}}]"
  }
},
{
  "model": "admin.logentry",
  "pk": 27,
  "fields": {
    "action_time": "2025-09-16T20:40:26.242Z",
    "user": 1,
    "content_type": 8,
    "object_id": "13",
    "object_repr": "Chin-Ups (beginner)",
    "action_flag": 1,
    "change_message": "[{\"added\": {}}]"
  }
},
{
  "model": "admin.logentry",
  "pk": 28,
  "fields": {
    "action_time": "2025-09-16T20:40:52.069Z",
    "user": 1,
    "content_type": 8,
    "object_id": "14",
    "object_repr": "Lat Pulldown (beginner)",
    "action_flag": 1,
    "change_message": "[{\"added\": {}}]"
  }
},
{
  "model": "admin.logentry",
  "pk": 29,
  "fields": {
    "action_time": "2025-09-19T19:39:06.615Z",
    "user": 1,
    "content_type": 8,
    "object_id": "15",
    "object_repr": "Arnold Press (intermediate)",
    "action_flag": 1,
    "change_message": "[{\"added\": {}}]"
  }
},
{
  "model": "admin.logentry",
  "pk": 30,
  "fields": {
    "action_time": "2025-09-19T19:39:24.176Z",
    "user": 1,
    "content_type": 8,
    "object_id": "16",
    "object_repr": "Front Raises (beginner)",
    "action_flag": 1,
    "change_message": "[{\"added\": {}}]"
  }
},
{
  "model": "admin.logentry",
  "pk": 31,
  "fields": {
    "action_time": "2025-09-19T19:39:50.690Z",
    "user": 1,
    "content_type": 8,
    "object_id": "17",
    "object_repr": "Leg Press (beginner)",
    "action_flag": 1,
    "change_message": "[{\"added\": {}}]"
  }
},
{
  "model": "admin.logentry",
  "pk": 32,
  "fields": {
    "action_time": "2025-09-19T19:40:31.572Z",
    "user": 1,
    "content_type": 8,
    "object_id": "18",
    "object_repr": "Romanian Deadlift (intermediate)",
    "action_flag": 1,
    "change_message": "[{\"added\": {}}]"
  }
},
{
  "model": "admin.logentry",
  "pk": 33,
  "fields": {
    "action_time": "2025-09-19T19:40:51.551Z",
    "user": 1,
    "content_type": 8,
    "object_id": "19",
    "object_repr": "Bicep Curls (beginner)",
    "action_flag": 1,
    "change_message": "[{\"added\": {}}]"
  }
},
{
  "model": "admin.logentry",
  "pk": 34,
  "fields": {
    "action_time": "2025-09-19T19:41:29.990Z",
    "user": 1,
    "content_type": 8,
    "object_id": "20",
    "object_repr": "Hammer Curls (beginner)",
    "action_flag": 1,
    "change_message": "[{\"added\": {}}]"
  }
},
{
  "model": "admin.logentry",
  "pk": 35,
  "fields": {
    "action_time": "2025-09-19T19:41:55.486Z",
    "user": 1,
    "content_type": 8,
    "object_id": "21",
    "object_repr": "Tricep Dips (beginner)",
    "action_flag": 1,
    "change_message": "[{\"added\": {}}]"
  }
},
{
  "model": "admin.logentry",
  "pk": 36,
  "fields": {
    "action_time": "2025-09-19T19:42:20.470Z",
    "user": 1,
    "content_type": 8,
    "object_id": "22",
    "object_repr": "Skull Crushers (intermediate)",
    "action_flag": 1,
    "change_message": "[{\"added\": {}}]"
  }
},
{
  "model": "admin.logentry",
  "pk": 37,
  "fields": {
    "action_time": "2025-09-19T19:42:45.787Z",
    "user": 1,
    "content_type": 8,
    "object_id": "23",
    "object_repr": "Crunches (beginner)",
    "action_flag": 1,
    "change_message": "[{\"added\": {}}]"
  }
},
{
  "model": "admin.logentry",
  "pk": 38,
  "fields": {
    "action_time": "2025-09-19T19:43:24.874Z",
    "user": 1,
    "content_type": 8,
    "object_id": "24",
    "object_repr": "Russian Twists (beginner)",
    "action_flag": 1,
    "change_message": "[{\"added\": {}}]"
  }
},
{
  "model": "admin.logentry",
  "pk": 39,
  "fields": {
    "action_time": "2025-09-24T15:41:41.840Z",
    "user": 1,
    "content_type": 11,
    "object_id": "1",
    "object_repr": "Push",
    "action_flag": 1,
    "change_message": "[{\"added\": {}}]"
  }
},
{
  "model": "admin.logentry",
  "pk": 40,
  "fields": {
    "action_time": "2025-09-24T15:41:51.657Z",
    "user": 1,
    "content_type": 11,
    "object_id": "2",
    "object_repr": "Pull",
    "action_flag": 1,
    "change_message": "[{\"added\": {}}]"
  }
},
{
  "model": "admin.logentry",
  "pk": 41,
  "fields": {
    "action_time": "2025-09-24T15:42:05.593Z",
    "user": 1,
    "content_type": 11,
    "object_id": "3",
    "object_repr": "Legs",
    "action_flag": 1,
    "change_message": "[{\"added\": {}}]"
  }
},
{
  "model": "admin.logentry",
  "pk": 42,
  "fields": {
    "action_time": "2025-09-26T20:01:35.117Z",
    "user": 1,
    "content_type": 9,
    "object_id": "1",
    "object_repr": "Bodyweight",
    "action_flag": 1,
    "change_message": "[{\"added\": {}}]"
  }
},
{
  "model": "admin.logentry",
  "pk": 43,
  "fields": {
    "action_time": "2025-09-26T20:01:40.941Z",
    "user": 1,
    "content_type": 9,
    "object_id": "2",
    "object_repr": "Dumbbells",
    "action_flag": 1,
    "change_message": "[{\"added\": {}}]"
  }
},
{
  "model": "admin.logentry",
  "pk": 44,
  "fields": {
    "action_time": "2025-09-26T20:01:44.939Z",
    "user": 1,
    "content_type": 9,
    "object_id": "3",
    "object_repr": "Barbell",
    "action_flag": 1,
    "change_message": "[{\"added\": {}}]"
  }
},
{
  "model": "admin.logentry",
  "pk": 45,
  "fields": {
    "action_time": "2025-09-26T20:01:51.172Z",
    "user": 1,
    "content_type": 9,
    "object_id": "4",
    "object_repr": "Kettlebell",
    "action_flag": 1,
    "change_message": "[{\"added\": {}}]"
  }
},
{
  "model": "admin.logentry",
  "pk": 46,
  "fields": {
    "action_time": "2025-09-26T20:01:57.726Z",
    "user": 1,
    "content_type": 9,
    "object_id": "5",
    "object_repr": "Resistance Band",
    "action_flag": 1,
    "change_message": "[{\"added\": {}}]"
  }
},
{
  "model": "admin.logentry",
  "pk": 47,
  "fields": {
    "action_time": "2025-09-26T20:02:06.561Z",
    "user": 1,
    "content_type": 9,
    "object_id": "6",
    "object_repr": "Machine",
    "action_flag": 1,
    "change_message": "[{\"added\": {}}]"
  }
},
{
  "model": "admin.logentry",
  "pk": 48,
  "fields": {
    "action_time": "2025-09-26T20:02:13.508Z",
    "user": 1,
    "content_type": 9,
    "object_id": "7",
    "object_repr": "Medicine Ball",
    "action_flag": 1,
    "change_message": "[{\"added\": {}}]"
  }
},
{
  "model": "admin.logentry",
  "pk": 49,
  "fields": {
    "action_time": "2025-09-26T20:02:24.858Z",
    "user": 1,
    "content_type": 10,
    "object_id": "1",
    "object_repr": "Strength",
    "action_flag": 1,
    "change_message": "[{\"added\": {}}]"
  }
},
{
  "model": "admin.logentry",
  "pk": 50,
  "fields": {
    "action_time": "2025-09-26T20:02:29.441Z",
    "user": 1,
    "content_type": 10,
    "object_id": "2",
    "object_repr": "Muscle Growth",
    "action_flag": 1,
    "change_message": "[{\"added\": {}}]"
  }
},
{
  "model": "admin.logentry",
  "pk": 51,
  "fields": {
    "action_time": "2025-09-26T20:02:34.662Z",
    "user": 1,
    "content_type": 10,
    "object_id": "3",
    "object_repr": "Endurance",
    "action_flag": 1,
    "change_message": "[{\"added\": {}}]"
  }
},
{
  "model": "admin.logentry",
  "pk": 52,
  "fields": {
    "action_time": "2025-09-26T20:02:40.096Z",
    "user": 1,
    "content_type": 10,
    "object_id": "4",
    "object_repr": "Cardio",
    "action_flag": 1,
    "change_message": "[{\"added\": {}}]"
  }
},
{
  "model": "admin.logentry",
  "pk": 53,
  "fields": {
    "action_time": "2025-09-26T20:02:45.719Z",
    "user": 1,
    "content_type": 10,
    "object_id": "5",
    "object_repr": "Weight Loss",
    "action_flag": 1,
    "change_message": "[{\"added\": {}}]"
  }
},
{
  "model": "admin.logentry",
  "pk": 54,
  "fields": {
    "action_time": "2025-09-26T20:02:50.757Z",
    "user": 1,
    "content_type": 10,
    "object_id": "6",
    "object_repr": "Flexibility",
    "action_flag": 1,
    "change_message": "[{\"added\": {}}]"
  }
},
{
  "model": "admin.logentry",
  "pk": 55,
  "fields": {
    "action_time": "2025-09-26T20:02:54.322Z",
    "user": 1,
    "content_type": 10,
    "object_id": "7",
    "object_repr": "Rehabilitation",
    "action_flag": 1,
    "change_message": "[{\"added\": {}}]"
  }
},
{
  "model": "admin.logentry",
  "pk": 56,
  "fields": {
    "action_time": "2025-09-26T20:04:27.425Z",
    "user": 1,
    "content_type": 8,
    "object_id": "24",
    "object_repr": "Russian Twists (beginner)",
    "action_flag": 2,
    "change_message": "[{\"changed\": {\"fields\": [\"Muscles\"]}}]"
  }
},
{
  "model": "admin.logentry",
  "pk": 57,
  "fields": {
    "action_time": "2025-09-29T19:06:26.320Z",
    "user": 1,
    "content_type": 9,
    "object_id": "7",
    "object_repr": "Medicine Ball",
    "action_flag": 3,
    "change_message": ""
  }
},
{
  "model": "admin.logentry",
  "pk": 58,
  "fields": {
    "action_time": "2025-09-29T19:06:26.320Z",
    "user": 1,
    "content_type": 9,
    "object_id": "6",
    "object_repr": "Machine",
    "action_flag": 3,
    "change_message": ""
  }
},
{
  "model": "admin.logentry",
  "pk": 59,
  "fields": {
    "action_time": "2025-09-29T19:06:26.320Z",
    "user": 1,
    "content_type": 9,
    "object_id": "5",
    "object_repr": "Resistance Band",
    "action_flag": 3,
    "change_message": ""
  }
},
{
  "model": "admin.logentry",
  "pk": 60,
  "fields": {
    "action_time": "2025-09-29T19:06:26.320Z",
    "user": 1,
    "content_type": 9,
    "object_id": "4",
    "object_repr": "Kettlebell",
    "action_flag": 3,
    "change_message": ""
  }
},
{
  "model": "admin.logentry",
  "pk": 61,
  "fields": {
    "action_time": "2025-09-29T19:06:26.320Z",
    "user": 1,
    "content_type": 9,
    "object_id": "3",
    "object_repr": "Barbell",
    "action_flag": 3,
    "change_message": ""
  }
},
{
  "model": "admin.logentry",
  "pk": 62,
  "fields": {
    "action_time": "2025-09-29T19:06:26.320Z",
    "user": 1,
    "content_type": 9,
    "object_id": "2",
    "object_repr": "Dumbbells",
    "action_flag": 3,
    "change_message": ""
  }
},
{
  "model": "admin.logentry",
  "pk": 63,
  "fields": {
    "action_time": "2025-09-29T19:06:26.320Z",
    "user": 1,
    "content_type": 9,
    "object_id": "1",
    "object_repr": "Bodyweight",
    "action_flag": 3,
    "change_message": ""
  }
},
{
  "model": "admin.logentry",
  "pk": 64,
  "fields": {
    "action_time": "2025-09-29T19:06:38.930Z",
    "user": 1,
    "content_type": 9,
    "object_id": "8",
    "object_repr": "Barbell",
    "action_flag": 1,
    "change_message": "[{\"added\": {}}]"
  }
},
{
  "model": "admin.logentry",
  "pk": 65,
  "fields": {
    "action_time": "2025-09-29T19:06:44.529Z",
    "user": 1,
    "content_type": 9,
    "object_id": "9",
    "object_repr": "Dumbbell",
    "action_flag": 1,
    "change_message": "[{\"added\": {}}]"
  }
},
{
  "model": "admin.logentry",
  "pk": 66,
  "fields": {
    "action_time": "2025-09-29T19:07:05.651Z",
    "user": 1,
    "content_type": 9,
    "object_id": "10",
    "object_repr": "Kettlebell",
    "action_flag": 1,
    "change_message": "[{\"added\": {}}]"
  }
},
{
  "model": "admin.logentry",
  "pk": 67,
  "fields": {
    "action_time": "2025-09-29T19:07:12.624Z",
    "user": 1,
    "content_type": 9,
    "object_id": "11",
    "object_repr": "Resistance Band",
    "action_flag": 1,
    "change_message": "[{\"added\": {}}]"
  }
},
{
  "model": "admin.logentry",
  "pk": 68,
  "fields": {
    "action_time": "2025-09-29T19:07:18.653Z",
    "user": 1,
    "content_type": 9,
    "object_id": "12",
    "object_repr": "Pull-up Bar",
    "action_flag": 1,
    "change_message": "[{\"added\": {}}]"
  }
},
{
  "model": "admin.logentry",
  "pk": 69,
  "fields": {
    "action_time": "2025-09-29T19:07:38.569Z",
    "user": 1,
    "content_type": 9,
    "object_id": "13",
    "object_repr": "Bench",
    "action_flag": 1,
    "change_message": "[{\"added\": {}}]"
  }
},
{
  "model": "admin.logentry",
  "pk": 70,
  "fields": {
    "action_time": "2025-09-29T19:07:47.711Z",
    "user": 1,
    "content_type": 9,
    "object_id": "14",
    "object_repr": "Squat Rack",
    "action_flag": 1,
    "change_message": "[{\"added\": {}}]"
  }
},
{
  "model": "admin.logentry",
  "pk": 71,
  "fields": {
    "action_time": "2025-09-29T19:07:58.307Z",
    "user": 1,
    "content_type": 9,
    "object_id": "15",
    "object_repr": "Preacher Curl Bench",
    "action_flag": 1,
    "change_message": "[{\"added\": {}}]"
  }
},
{
  "model": "admin.logentry",
  "pk": 72,
  "fields": {
    "action_time": "2025-09-29T19:08:06.158Z",
    "user": 1,
    "content_type": 9,
    "object_id": "16",
    "object_repr": "Dip Station",
    "action_flag": 1,
    "change_message": "[{\"added\": {}}]"
  }
},
{
  "model": "admin.logentry",
  "pk": 73,
  "fields": {
    "action_time": "2025-09-29T19:08:13.454Z",
    "user": 1,
    "content_type": 9,
    "object_id": "17",
    "object_repr": "Medicine Ball",
    "action_flag": 1,
    "change_message": "[{\"added\": {}}]"
  }
},
{
  "model": "admin.logentry",
  "pk": 74,
  "fields": {
    "action_time": "2025-09-29T19:08:24.097Z",
    "user": 1,
    "content_type": 9,
    "object_id": "18",
    "object_repr": "Foam Roller",
    "action_flag": 1,
    "change_message": "[{\"added\": {}}]"
  }
},
{
  "model": "admin.logentry",
  "pk": 75,
  "fields": {
    "action_time": "2025-09-29T19:08:31.925Z",
    "user": 1,
    "content_type": 9,
    "object_id": "19",
    "object_repr": "Exercise Ball",
    "action_flag": 1,
    "change_message": "[{\"added\": {}}]"
  }
},
{
  "model": "admin.logentry",
  "pk": 76,
  "fields": {
    "action_time": "2025-09-29T19:08:39.505Z",
    "user": 1,
    "content_type": 9,
    "object_id": "20",
    "object_repr": "TRX Suspension",
    "action_flag": 1,
    "change_message": "[{\"added\": {}}]"
  }
},
{
  "model": "admin.logentry",
  "pk": 77,
  "fields": {
    "action_time": "2025-09-29T19:08:46.473Z",
    "user": 1,
    "content_type": 9,
    "object_id": "21",
    "object_repr": "Battle Ropes",
    "action_flag": 1,
    "change_message": "[{\"added\": {}}]"
  }
},
{
  "model": "admin.logentry",
  "pk": 78,
  "fields": {
    "action_time": "2025-09-29T19:08:54.609Z",
    "user": 1,
    "content_type": 9,
    "object_id": "22",
    "object_repr": "Bodyweight",
    "action_flag": 1,
    "change_message": "[{\"added\": {}}]"
  }
},
{
  "model": "admin.logentry",
  "pk": 79,
  "fields": {
    "action_time": "2025-09-29T19:09:08.201Z",
    "user": 1,
    "content_type": 9,
    "object_id": "23",
    "object_repr": "Machine",
    "action_flag": 1,
    "change_message": "[{\"added\": {}}]"
  }
},
{
  "model": "admin.logentry",
  "pk": 80,
  "fields": {
    "action_time": "2025-09-29T19:11:09.583Z",
    "user": 1,
    "content_type": 7,
    "object_id": "13",
    "object_repr": "core",
    "action_flag": 3,
    "change_message": ""
  }
},
{
  "model": "admin.logentry",
  "pk": 81,
  "fields": {
    "action_time": "2025-09-29T19:11:09.583Z",
    "user": 1,
    "content_type": 7,
    "object_id": "12",
    "object_repr": "hip flexors",
    "action_flag": 3,
    "change_message": ""
  }
},
{
  "model": "admin.logentry",
  "pk": 82,
  "fields": {
    "action_time": "2025-09-29T19:11:09.583Z",
    "user": 1,
    "content_type": 7,
    "object_id": "11",
    "object_repr": "calves",
    "action_flag": 3,
    "change_message": ""
  }
},
{
  "model": "admin.logentry",
  "pk": 83,
  "fields": {
    "action_time": "2025-09-29T19:11:09.583Z",
    "user": 1,
    "content_type": 7,
    "object_id": "10",
    "object_repr": "glutes",
    "action_flag": 3,
    "change_message": ""
  }
},
{
  "model": "admin.logentry",
  "pk": 84,
  "fields": {
    "action_time": "2025-09-29T19:11:09.583Z",
    "user": 1,
    "content_type": 7,
    "object_id": "9",
    "object_repr": "hamstrings",
    "action_flag": 3,
    "change_message": ""
  }
},
{
  "model": "admin.logentry",
  "pk": 85,
  "fields": {
    "action_time": "2025-09-29T19:11:09.583Z",
    "user": 1,
    "content_type": 7,
    "object_id": "8",
    "object_repr": "quads",
    "action_flag": 3,
    "change_message": ""
  }
},
{
  "model": "admin.logentry",
  "pk": 86,
  "fields": {
    "action_time": "2025-09-29T19:11:09.583Z",
    "user": 1,
    "content_type": 7,
    "object_id": "7",
    "object_repr": "abs",
    "action_flag": 3,
    "change_message": ""
  }
},
{
  "model": "admin.logentry",
  "pk": 87,
  "fields": {
    "action_time": "2025-09-29T19:11:09.583Z",
    "user": 1,
    "content_type": 7,
    "object_id": "6",
    "object_repr": "forearms",
    "action_flag": 3,
    "change_message": ""
  }
},
{
  "model": "admin.logentry",
  "pk": 88,
  "fields": {
    "action_time": "2025-09-29T19:11:09.583Z",
    "user": 1,
    "content_type": 7,
    "object_id": "5",
    "object_repr": "triceps",
    "action_flag": 3,
    "change_message": ""
  }
},
{
  "model": "admin.logentry",
  "pk": 89,
  "fields": {
    "action_time": "2025-09-29T19:11:09.583Z",
    "user": 1,
    "content_type": 7,
    "object_id": "4",
    "object_repr": "biceps",
    "action_flag": 3,
    "change_message": ""
  }
},
{
  "model": "admin.logentry",
  "pk": 90,
  "fields": {
    "action_time": "2025-09-29T19:11:09.583Z",
    "user": 1,
    "content_type": 7,
    "object_id": "3",
    "object_repr": "shoulders",
    "action_flag": 3,
    "change_message": ""
  }
},
{
  "model": "admin.logentry",
  "pk": 91,
  "fields": {
    "action_time": "2025-09-29T19:11:09.583Z",
    "user": 1,
    "content_type": 7,
    "object_id": "2",
    "object_repr": "back",
    "action_flag": 3,
    "change_message": ""
  }
},
{
  "model": "admin.logentry",
  "pk": 92,
  "fields": {
    "action_time": "2025-09-29T19:11:09.583Z",
    "user": 1,
    "content_type": 7,
    "object_id": "1",
    "object_repr": "chest",
    "action_flag": 3,
    "change_message": ""
  }
},
{
  "model": "admin.logentry",
  "pk": 93,
  "fields": {
    "action_time": "2025-09-29T19:11:34.821Z",
    "user": 1,
    "content_type": 7,
    "object_id": "14",
    "object_repr": "Chest",
    "action_flag": 1,
    "change_message": "[{\"added\": {}}]"
  }
},
{
  "model": "admin.logentry",
  "pk": 94,
  "fields": {
    "action_time": "2025-09-29T19:11:41.660Z",
    "user": 1,
    "content_type": 7,
    "object_id": "15",
    "object_repr": "Upper Chest",
    "action_flag": 1,
    "change_message": "[{\"added\": {}}]"
  }
},
{
  "model": "admin.logentry",
  "pk": 95,
  "fields": {
    "action_time": "2025-09-29T19:11:47.591Z",
    "user": 1,
    "content_type": 7,
    "object_id": "16",
    "object_repr": "Lower Chest",
    "action_flag": 1,
    "change_message": "[{\"added\": {}}]"
  }
},
{
  "model": "admin.logentry",
  "pk": 96,
  "fields": {
    "action_time": "2025-09-29T19:11:54.088Z",
    "user": 1,
    "content_type": 7,
    "object_id": "17",
    "object_repr": "Front Deltoids",
    "action_flag": 1,
    "change_message": "[{\"added\": {}}]"
  }
},
{
  "model": "admin.logentry",
  "pk": 97,
  "fields": {
    "action_time": "2025-09-29T19:11:59.925Z",
    "user": 1,
    "content_type": 7,
    "object_id": "18",
    "object_repr": "Side Deltoids",
    "action_flag": 1,
    "change_message": "[{\"added\": {}}]"
  }
},
{
  "model": "admin.logentry",
  "pk": 98,
  "fields": {
    "action_time": "2025-09-29T19:12:05.382Z",
    "user": 1,
    "content_type": 7,
    "object_id": "19",
    "object_repr": "Rear Deltoids",
    "action_flag": 1,
    "change_message": "[{\"added\": {}}]"
  }
},
{
  "model": "admin.logentry",
  "pk": 99,
  "fields": {
    "action_time": "2025-09-29T19:12:12.116Z",
    "user": 1,
    "content_type": 7,
    "object_id": "20",
    "object_repr": "Biceps",
    "action_flag": 1,
    "change_message": "[{\"added\": {}}]"
  }
},
{
  "model": "admin.logentry",
  "pk": 100,
  "fields": {
    "action_time": "2025-09-29T19:12:17.462Z",
    "user": 1,
    "content_type": 7,
    "object_id": "21",
    "object_repr": "Triceps",
    "action_flag": 1,
    "change_message": "[{\"added\": {}}]"
  }
},
{
  "model": "admin.logentry",
  "pk": 101,
  "fields": {
    "action_time": "2025-09-29T19:12:27.492Z",
    "user": 1,
    "content_type": 7,
    "object_id": "22",
    "object_repr": "Forearms",
    "action_flag": 1,
    "change_message": "[{\"added\": {}}]"
  }
},
{
  "model": "admin.logentry",
  "pk": 102,
  "fields": {
    "action_time": "2025-09-29T19:12:34.178Z",
    "user": 1,
    "content_type": 7,
    "object_id": "23",
    "object_repr": "Upper Back",
    "action_flag": 1,
    "change_message": "[{\"added\": {}}]"
  }
},
{
  "model": "admin.logentry",
  "pk": 103,
  "fields": {
    "action_time": "2025-09-29T19:12:39.574Z",
    "user": 1,
    "content_type": 7,
    "object_id": "24",
    "object_repr": "Lats",
    "action_flag": 1,
    "change_message": "[{\"added\": {}}]"
  }
},
{
  "model": "admin.logentry",
  "pk": 104,
  "fields": {
    "action_time": "2025-09-29T19:12:52.650Z",
    "user": 1,
    "content_type": 7,
    "object_id": "25",
    "object_repr": "Lower Back",
    "action_flag": 1,
    "change_message": "[{\"added\": {}}]"
  }
},
{
  "model": "admin.logentry",
  "pk": 105,
  "fields": {
    "action_time": "2025-09-29T19:12:57.240Z",
    "user": 1,
    "content_type": 7,
    "object_id": "26",
    "object_repr": "Traps",
    "action_flag": 1,
    "change_message": "[{\"added\": {}}]"
  }
},
{
  "model": "admin.logentry",
  "pk": 106,
  "fields": {
    "action_time": "2025-09-29T19:13:01.944Z",
    "user": 1,
    "content_type": 7,
    "object_id": "27",
    "object_repr": "Abs",
    "action_flag": 1,
    "change_message": "[{\"added\": {}}]"
  }
},
{
  "model": "admin.logentry",
  "pk": 107,
  "fields": {
    "action_time": "2025-09-29T19:13:06.530Z",
    "user": 1,
    "content_type": 7,
    "object_id": "28",
    "object_repr": "Obliques",
    "action_flag": 1,
    "change_message": "[{\"added\": {}}]"
  }
},
{
  "model": "admin.logentry",
  "pk": 108,
  "fields": {
    "action_time": "2025-09-29T19:13:14.447Z",
    "user": 1,
    "content_type": 7,
    "object_id": "29",
    "object_repr": "Quadriceps",
    "action_flag": 1,
    "change_message": "[{\"added\": {}}]"
  }
},
{
  "model": "admin.logentry",
  "pk": 109,
  "fields": {
    "action_time": "2025-09-29T19:13:21.565Z",
    "user": 1,
    "content_type": 7,
    "object_id": "30",
    "object_repr": "Hamstrings",
    "action_flag": 1,
    "change_message": "[{\"added\": {}}]"
  }
},
{
  "model": "admin.logentry",
  "pk": 110,
  "fields": {
    "action_time": "2025-09-29T19:13:25.875Z",
    "user": 1,
    "content_type": 7,
    "object_id": "31",
    "object_repr": "Glutes",
    "action_flag": 1,
    "change_message": "[{\"added\": {}}]"
  }
},
{
  "model": "admin.logentry",
  "pk": 111,
  "fields": {
    "action_time": "2025-09-29T19:13:30.932Z",
    "user": 1,
    "content_type": 7,
    "object_id": "32",
    "object_repr": "Calves",
    "action_flag": 1,
    "change_message": "[{\"added\": {}}]"
  }
},
{
  "model": "admin.logentry",
  "pk": 112,
  "fields": {
    "action_time": "2025-09-29T19:13:37.927Z",
    "user": 1,
    "content_type": 7,
    "object_id": "33",
    "object_repr": "Hip Flexors",
    "action_flag": 1,
    "change_message": "[{\"added\": {}}]"
  }
},
{
  "model": "admin.logentry",
  "pk": 113,
  "fields": {
    "action_time": "2025-09-29T19:13:46.372Z",
    "user": 1,
    "content_type": 7,
    "object_id": "34",
    "object_repr": "Adductors",
    "action_flag": 1,
    "change_message": "[{\"added\": {}}]"
  }
},
{
  "model": "admin.logentry",
  "pk": 114,
  "fields": {
    "action_time": "2025-09-29T19:13:53.395Z",
    "user": 1,
    "content_type": 7,
    "object_id": "35",
    "object_repr": "Abductors",
    "action_flag": 1,
    "change_message": "[{\"added\": {}}]"
  }
},
{
  "model": "admin.logentry",
  "pk": 115,
  "fields": {
    "action_time": "2025-09-29T19:14:11.994Z",
    "user": 1,
    "content_type": 11,
    "object_id": "3",
    "object_repr": "Legs",
    "action_flag": 3,
    "change_message": ""
  }
},
{
  "model": "admin.logentry",
  "pk": 116,
  "fields": {
    "action_time": "2025-09-29T19:14:11.994Z",
    "user": 1,
    "content_type": 11,
    "object_id": "2",
    "object_repr": "Pull",
    "action_flag": 3,
    "change_message": ""
  }
},
{
  "model": "admin.logentry",
  "pk": 117,
  "fields": {
    "action_time": "2025-09-29T19:14:11.994Z",
    "user": 1,
    "content_type": 11,
    "object_id": "1",
    "object_repr": "Push",
    "action_flag": 3,
    "change_message": ""
  }
},
{
  "model": "admin.logentry",
  "pk": 118,
  "fields": {
    "action_time": "2025-09-29T19:15:21.854Z",
    "user": 1,
    "content_type": 11,
    "object_id": "4",
    "object_repr": "push",
    "action_flag": 1,
    "change_message": "[{\"added\": {}}]"
  }
},
{
  "model": "admin.logentry",
  "pk": 119,
  "fields": {
    "action_time": "2025-09-29T19:16:09.584Z",
    "user": 1,
    "content_type": 11,
    "object_id": "5",
    "object_repr": "Pull",
    "action_flag": 1,
    "change_message": "[{\"added\": {}}]"
  }
},
{
  "model": "admin.logentry",
  "pk": 120,
  "fields": {
    "action_time": "2025-09-29T19:16:39.420Z",
    "user": 1,
    "content_type": 11,
    "object_id": "6",
    "object_repr": "Legs",
    "action_flag": 1,
    "change_message": "[{\"added\": {}}]"
  }
},
{
  "model": "admin.logentry",
  "pk": 121,
  "fields": {
    "action_time": "2025-09-29T19:16:59.084Z",
    "user": 1,
    "content_type": 11,
    "object_id": "7",
    "object_repr": "Core",
    "action_flag": 1,
    "change_message": "[{\"added\": {}}]"
  }
},
{
  "model": "admin.logentry",
  "pk": 122,
  "fields": {
    "action_time": "2025-09-29T19:17:39.097Z",
    "user": 1,
    "content_type": 11,
    "object_id": "8",
    "object_repr": "Upper Body",
    "action_flag": 1,
    "change_message": "[{\"added\": {}}]"
  }
},
{
  "model": "admin.logentry",
  "pk": 123,
  "fields": {
    "action_time": "2025-09-29T19:18:12.623Z",
    "user": 1,
    "content_type": 11,
    "object_id": "9",
    "object_repr": "Lower Body",
    "action_flag": 1,
    "change_message": "[{\"added\": {}}]"
  }
},
{
  "model": "admin.logentry",
  "pk": 124,
  "fields": {
    "action_time": "2025-09-29T19:29:49.324Z",
    "user": 1,
    "content_type": 11,
    "object_id": "4",
    "object_repr": "Push",
    "action_flag": 2,
    "change_message": "[{\"changed\": {\"fields\": [\"Name\"]}}]"
  }
},
{
  "model": "admin.logentry",
  "pk": 125,
  "fields": {
    "action_time": "2025-09-29T19:33:59.227Z",
    "user": 1,
    "content_type": 8,
    "object_id": "24",
    "object_repr": "Russian Twists (beginner)",
    "action_flag": 3,
    "change_message": ""
  }
},
{
  "model": "admin.logentry",
  "pk": 126,
  "fields": {
    "action_time": "2025-09-29T19:33:59.227Z",
    "user": 1,
    "content_type": 8,
    "object_id": "23",
    "object_repr": "Crunches (beginner)",
    "action_flag": 3,
    "change_message": ""
  }
},
{
  "model": "admin.logentry",
  "pk": 127,
  "fields": {
    "action_time": "2025-09-29T19:33:59.227Z",
    "user": 1,
    "content_type": 8,
    "object_id": "22",
    "object_repr": "Skull Crushers (intermediate)",
    "action_flag": 3,
    "change_message": ""
  }
},
{
  "model": "admin.logentry",
  "pk": 128,
  "fields": {
    "action_time": "2025-09-29T19:33:59.227Z",
    "user": 1,
    "content_type": 8,
    "object_id": "21",
    "object_repr": "Tricep Dips (beginner)",
    "action_flag": 3,
    "change_message": ""
  }
},
{
  "model": "admin.logentry",
  "pk": 129,
  "fields": {
    "action_time": "2025-09-29T19:33:59.227Z",
    "user": 1,
    "content_type": 8,
    "object_id": "20",
    "object_repr": "Hammer Curls (beginner)",
    "action_flag": 3,
    "change_message": ""
  }
},
{
  "model": "admin.logentry",
  "pk": 130,
  "fields": {
    "action_time": "2025-09-29T19:33:59.227Z",
    "user": 1,
    "content_type": 8,
    "object_id": "19",
    "object_repr": "Bicep Curls (beginner)",
    "action_flag": 3,
    "change_message": ""
  }
},
{
  "model": "admin.logentry",
  "pk": 131,
  "fields": {
    "action_time": "2025-09-29T19:33:59.227Z",
    "user": 1,
    "content_type": 8,
    "object_id": "18",
    "object_repr": "Romanian Deadlift (intermediate)",
    "action_flag": 3,
    "change_message": ""
  }
},
{
  "model": "admin.logentry",
  "pk": 132,
  "fields": {
    "action_time": "2025-09-29T19:33:59.227Z",
    "user": 1,
    "content_type": 8,
    "object_id": "17",
    "object_repr": "Leg Press (beginner)",
    "action_flag": 3,
    "change_message": ""
  }
},
{
  "model": "admin.logentry",
  "pk": 133,
  "fields": {
    "action_time": "2025-09-29T19:33:59.227Z",
    "user": 1,
    "content_type": 8,
    "object_id": "16",
    "object_repr": "Front Raises (beginner)",
    "action_flag": 3,
    "change_message": ""
  }
},
{
  "model": "admin.logentry",
  "pk": 134,
  "fields": {
    "action_time": "2025-09-29T19:33:59.227Z",
    "user": 1,
    "content_type": 8,
    "object_id": "15",
    "object_repr": "Arnold Press (intermediate)",
    "action_flag": 3,
    "change_message": ""
  }
},
{
  "model": "admin.logentry",
  "pk": 135,
  "fields": {
    "action_time": "2025-09-29T19:33:59.227Z",
    "user": 1,
    "content_type": 8,
    "object_id": "14",
    "object_repr": "Lat Pulldown (beginner)",
    "action_flag": 3,
    "change_message": ""
  }
},
{
  "model": "admin.logentry",
  "pk": 136,
  "fields": {
    "action_time": "2025-09-29T19:33:59.227Z",
    "user": 1,
    "content_type": 8,
    "object_id": "13",
    "object_repr": "Chin-Ups (beginner)",
    "action_flag": 3,
    "change_message": ""
  }
},
{
  "model": "admin.logentry",
  "pk": 137,
  "fields": {
    "action_time": "2025-09-29T19:33:59.227Z",
    "user": 1,
    "content_type": 8,
    "object_id": "12",
    "object_repr": "Incline Dumbbell Press (intermediate)",
    "action_flag": 3,
    "change_message": ""
  }
},
{
  "model": "admin.logentry",
  "pk": 138,
  "fields": {
    "action_time": "2025-09-29T19:33:59.227Z",
    "user": 1,
    "content_type": 8,
    "object_id": "11",
    "object_repr": "Dumbbell Fly (beginner)",
    "action_flag": 3,
    "change_message": ""
  }
},
{
  "model": "admin.logentry",
  "pk": 139,
  "fields": {
    "action_time": "2025-09-29T19:33:59.227Z",
    "user": 1,
    "content_type": 8,
    "object_id": "10",
    "object_repr": "Hanging Leg Raise (advanced)",
    "action_flag": 3,
    "change_message": ""
  }
},
{
  "model": "admin.logentry",
  "pk": 140,
  "fields": {
    "action_time": "2025-09-29T19:33:59.227Z",
    "user": 1,
    "content_type": 8,
    "object_id": "9",
    "object_repr": "Plank (beginner)",
    "action_flag": 3,
    "change_message": ""
  }
},
{
  "model": "admin.logentry",
  "pk": 141,
  "fields": {
    "action_time": "2025-09-29T19:33:59.227Z",
    "user": 1,
    "content_type": 8,
    "object_id": "8",
    "object_repr": "Lunges (beginner)",
    "action_flag": 3,
    "change_message": ""
  }
},
{
  "model": "admin.logentry",
  "pk": 142,
  "fields": {
    "action_time": "2025-09-29T19:33:59.227Z",
    "user": 1,
    "content_type": 8,
    "object_id": "7",
    "object_repr": "Squats (intermediate)",
    "action_flag": 3,
    "change_message": ""
  }
},
{
  "model": "admin.logentry",
  "pk": 143,
  "fields": {
    "action_time": "2025-09-29T19:33:59.227Z",
    "user": 1,
    "content_type": 8,
    "object_id": "6",
    "object_repr": "Lateral Raises (beginner)",
    "action_flag": 3,
    "change_message": ""
  }
},
{
  "model": "admin.logentry",
  "pk": 144,
  "fields": {
    "action_time": "2025-09-29T19:33:59.227Z",
    "user": 1,
    "content_type": 8,
    "object_id": "5",
    "object_repr": "Overhead Press (intermediate)",
    "action_flag": 3,
    "change_message": ""
  }
},
{
  "model": "admin.logentry",
  "pk": 145,
  "fields": {
    "action_time": "2025-09-29T19:33:59.227Z",
    "user": 1,
    "content_type": 8,
    "object_id": "4",
    "object_repr": "Barbell Row (intermediate)",
    "action_flag": 3,
    "change_message": ""
  }
},
{
  "model": "admin.logentry",
  "pk": 146,
  "fields": {
    "action_time": "2025-09-29T19:33:59.227Z",
    "user": 1,
    "content_type": 8,
    "object_id": "3",
    "object_repr": "Pull-Ups (intermediate)",
    "action_flag": 3,
    "change_message": ""
  }
},
{
  "model": "admin.logentry",
  "pk": 147,
  "fields": {
    "action_time": "2025-09-29T19:33:59.227Z",
    "user": 1,
    "content_type": 8,
    "object_id": "2",
    "object_repr": "Push-Ups (beginner)",
    "action_flag": 3,
    "change_message": ""
  }
},
{
  "model": "admin.logentry",
  "pk": 148,
  "fields": {
    "action_time": "2025-09-29T19:33:59.227Z",
    "user": 1,
    "content_type": 8,
    "object_id": "1",
    "object_repr": "Bench Press (intermediate)",
    "action_flag": 3,
    "change_message": ""
  }
},
{
  "model": "admin.logentry",
  "pk": 149,
  "fields": {
    "action_time": "2025-09-30T01:29:07.145Z",
    "user": 1,
    "content_type": 8,
    "object_id": "25",
    "object_repr": "Barbell Bench Press (intermediate)",
    "action_flag": 1,
    "change_message": "[{\"added\": {}}]"
  }
},
{
  "model": "admin.logentry",
  "pk": 150,
  "fields": {
    "action_time": "2025-09-30T01:29:30.998Z",
    "user": 1,
    "content_type": 10,
    "object_id": "8",
    "object_repr": "Power",
    "action_flag": 1,
    "change_message": "[{\"added\": {}}]"
  }
},
{
  "model": "admin.logentry",
  "pk": 151,
  "fields": {
    "action_time": "2025-09-30T01:29:38.916Z",
    "user": 1,
    "content_type": 10,
    "object_id": "9",
    "object_repr": "Athletic Performance",
    "action_flag": 1,
    "change_message": "[{\"added\": {}}]"
  }
},
{
  "model": "admin.logentry",
  "pk": 152,
  "fields": {
    "action_time": "2025-09-30T01:30:54.755Z",
    "user": 1,
    "content_type": 8,
    "object_id": "25",
    "object_repr": "Barbell Bench Press (intermediate)",
    "action_flag": 2,
    "change_message": "[{\"changed\": {\"fields\": [\"Goals\"]}}]"
  }
},
{
  "model": "admin.logentry",
  "pk": 153,
  "fields": {
    "action_time": "2025-09-30T01:32:14.440Z",
    "user": 1,
    "content_type": 8,
    "object_id": "26",
    "object_repr": "Incline Dumbbell Press (intermediate)",
    "action_flag": 1,
    "change_message": "[{\"added\": {}}]"
  }
},
{
  "model": "admin.logentry",
  "pk": 154,
  "fields": {
    "action_time": "2025-09-30T01:35:14.896Z",
    "user": 1,
    "content_type": 8,
    "object_id": "27",
    "object_repr": "Decline Bench Press (intermediate)",
    "action_flag": 1,
    "change_message": "[{\"added\": {}}]"
  }
},
{
  "model": "admin.logentry",
  "pk": 155,
  "fields": {
    "action_time": "2025-09-30T01:36:05.782Z",
    "user": 1,
    "content_type": 8,
    "object_id": "28",
    "object_repr": "Push-Ups (beginner)",
    "action_flag": 1,
    "change_message": "[{\"added\": {}}]"
  }
},
{
  "model": "admin.logentry",
  "pk": 156,
  "fields": {
    "action_time": "2025-09-30T01:36:58.283Z",
    "user": 1,
    "content_type": 8,
    "object_id": "29",
    "object_repr": "Dumbbell Flyes (intermediate)",
    "action_flag": 1,
    "change_message": "[{\"added\": {}}]"
  }
},
{
  "model": "admin.logentry",
  "pk": 157,
  "fields": {
    "action_time": "2025-09-30T01:37:32.637Z",
    "user": 1,
    "content_type": 8,
    "object_id": "30",
    "object_repr": "Cable Crossover (intermediate)",
    "action_flag": 1,
    "change_message": "[{\"added\": {}}]"
  }
},
{
  "model": "admin.logentry",
  "pk": 158,
  "fields": {
    "action_time": "2025-09-30T01:38:24.019Z",
    "user": 1,
    "content_type": 8,
    "object_id": "31",
    "object_repr": "Barbell Squat (intermediate)",
    "action_flag": 1,
    "change_message": "[{\"added\": {}}]"
  }
},
{
  "model": "admin.logentry",
  "pk": 159,
  "fields": {
    "action_time": "2025-09-30T01:39:13.955Z",
    "user": 1,
    "content_type": 8,
    "object_id": "32",
    "object_repr": "Romanian Deadlift (intermediate)",
    "action_flag": 1,
    "change_message": "[{\"added\": {}}]"
  }
},
{
  "model": "admin.logentry",
  "pk": 160,
  "fields": {
    "action_time": "2025-09-30T01:39:55.081Z",
    "user": 1,
    "content_type": 8,
    "object_id": "33",
    "object_repr": "Leg Press (beginner)",
    "action_flag": 1,
    "change_message": "[{\"added\": {}}]"
  }
},
{
  "model": "admin.logentry",
  "pk": 161,
  "fields": {
    "action_time": "2025-09-30T01:40:27.647Z",
    "user": 1,
    "content_type": 8,
    "object_id": "34",
    "object_repr": "Leg Curl (beginner)",
    "action_flag": 1,
    "change_message": "[{\"added\": {}}]"
  }
},
{
  "model": "admin.logentry",
  "pk": 162,
  "fields": {
    "action_time": "2025-09-30T01:41:09.117Z",
    "user": 1,
    "content_type": 8,
    "object_id": "35",
    "object_repr": "Leg Extension (beginner)",
    "action_flag": 1,
    "change_message": "[{\"added\": {}}]"
  }
},
{
  "model": "admin.logentry",
  "pk": 163,
  "fields": {
    "action_time": "2025-09-30T01:41:57.339Z",
    "user": 1,
    "content_type": 8,
    "object_id": "36",
    "object_repr": "Walking Lunges (beginner)",
    "action_flag": 1,
    "change_message": "[{\"added\": {}}]"
  }
},
{
  "model": "admin.logentry",
  "pk": 164,
  "fields": {
    "action_time": "2025-09-30T01:42:45.199Z",
    "user": 1,
    "content_type": 8,
    "object_id": "37",
    "object_repr": "Calf Raises (beginner)",
    "action_flag": 1,
    "change_message": "[{\"added\": {}}]"
  }
},
{
  "model": "admin.logentry",
  "pk": 165,
  "fields": {
    "action_time": "2025-09-30T01:44:11.830Z",
    "user": 1,
    "content_type": 8,
    "object_id": "38",
    "object_repr": "Pull-Ups (beginner)",
    "action_flag": 1,
    "change_message": "[{\"added\": {}}]"
  }
},
{
  "model": "admin.logentry",
  "pk": 166,
  "fields": {
    "action_time": "2025-09-30T01:44:49.606Z",
    "user": 1,
    "content_type": 8,
    "object_id": "38",
    "object_repr": "Pull-Ups (intermediate)",
    "action_flag": 2,
    "change_message": "[{\"changed\": {\"fields\": [\"Difficulty\", \"Goals\", \"Description\"]}}]"
  }
},
{
  "model": "admin.logentry",
  "pk": 167,
  "fields": {
    "action_time": "2025-09-30T01:45:26.642Z",
    "user": 1,
    "content_type": 8,
    "object_id": "39",
    "object_repr": "Lat Pulldown (beginner)",
    "action_flag": 1,
    "change_message": "[{\"added\": {}}]"
  }
},
{
  "model": "admin.logentry",
  "pk": 168,
  "fields": {
    "action_time": "2025-09-30T01:46:19.267Z",
    "user": 1,
    "content_type": 8,
    "object_id": "40",
    "object_repr": "Barbell Row (intermediate)",
    "action_flag": 1,
    "change_message": "[{\"added\": {}}]"
  }
},
{
  "model": "admin.logentry",
  "pk": 169,
  "fields": {
    "action_time": "2025-09-30T01:47:22.002Z",
    "user": 1,
    "content_type": 8,
    "object_id": "41",
    "object_repr": "Dumbbell Row (beginner)",
    "action_flag": 1,
    "change_message": "[{\"added\": {}}]"
  }
},
{
  "model": "admin.logentry",
  "pk": 170,
  "fields": {
    "action_time": "2025-09-30T01:47:57.474Z",
    "user": 1,
    "content_type": 8,
    "object_id": "42",
    "object_repr": "Face Pulls (beginner)",
    "action_flag": 1,
    "change_message": "[{\"added\": {}}]"
  }
},
{
  "model": "admin.logentry",
  "pk": 171,
  "fields": {
    "action_time": "2025-09-30T01:48:56.784Z",
    "user": 1,
    "content_type": 8,
    "object_id": "43",
    "object_repr": "Deadlift (advanced)",
    "action_flag": 1,
    "change_message": "[{\"added\": {}}]"
  }
},
{
  "model": "admin.logentry",
  "pk": 172,
  "fields": {
    "action_time": "2025-09-30T01:49:54.529Z",
    "user": 1,
    "content_type": 8,
    "object_id": "44",
    "object_repr": "Overhead Press (intermediate)",
    "action_flag": 1,
    "change_message": "[{\"added\": {}}]"
  }
},
{
  "model": "admin.logentry",
  "pk": 173,
  "fields": {
    "action_time": "2025-09-30T01:50:41.658Z",
    "user": 1,
    "content_type": 8,
    "object_id": "45",
    "object_repr": "Dumbbell Shoulder Press (beginner)",
    "action_flag": 1,
    "change_message": "[{\"added\": {}}]"
  }
},
{
  "model": "admin.logentry",
  "pk": 174,
  "fields": {
    "action_time": "2025-09-30T01:52:22.664Z",
    "user": 1,
    "content_type": 8,
    "object_id": "46",
    "object_repr": "Lateral Raises (beginner)",
    "action_flag": 1,
    "change_message": "[{\"added\": {}}]"
  }
},
{
  "model": "admin.logentry",
  "pk": 175,
  "fields": {
    "action_time": "2025-09-30T01:52:54.073Z",
    "user": 1,
    "content_type": 8,
    "object_id": "46",
    "object_repr": "Lateral Raises (beginner)",
    "action_flag": 2,
    "change_message": "[]"
  }
},
{
  "model": "admin.logentry",
  "pk": 176,
  "fields": {
    "action_time": "2025-09-30T01:53:25.017Z",
    "user": 1,
    "content_type": 8,
    "object_id": "47",
    "object_repr": "Front Raises (beginner)",
    "action_flag": 1,
    "change_message": "[{\"added\": {}}]"
  }
},
{
  "model": "admin.logentry",
  "pk": 177,
  "fields": {
    "action_time": "2025-09-30T01:55:22.059Z",
    "user": 1,
    "content_type": 8,
    "object_id": "48",
    "object_repr": "Barbell Curl (beginner)",
    "action_flag": 1,
    "change_message": "[{\"added\": {}}]"
  }
},
{
  "model": "admin.logentry",
  "pk": 178,
  "fields": {
    "action_time": "2025-09-30T01:55:56.023Z",
    "user": 1,
    "content_type": 8,
    "object_id": "49",
    "object_repr": "Dumbbell Curl (beginner)",
    "action_flag": 1,
    "change_message": "[{\"added\": {}}]"
  }
},
{
  "model": "admin.logentry",
  "pk": 179,
  "fields": {
    "action_time": "2025-09-30T01:56:25.057Z",
    "user": 1,
    "content_type": 8,
    "object_id": "50",
    "object_repr": "Hammer Curl (beginner)",
    "action_flag": 1,
    "change_message": "[{\"added\": {}}]"
  }
},
{
  "model": "admin.logentry",
  "pk": 180,
  "fields": {
    "action_time": "2025-09-30T01:57:13.526Z",
    "user": 1,
    "content_type": 8,
    "object_id": "51",
    "object_repr": "Preacher Curl (beginner)",
    "action_flag": 1,
    "change_message": "[{\"added\": {}}]"
  }
},
{
  "model": "admin.logentry",
  "pk": 181,
  "fields": {
    "action_time": "2025-09-30T01:58:24.709Z",
    "user": 1,
    "content_type": 8,
    "object_id": "52",
    "object_repr": "Tricep Dips (intermediate)",
    "action_flag": 1,
    "change_message": "[{\"added\": {}}]"
  }
},
{
  "model": "admin.logentry",
  "pk": 182,
  "fields": {
    "action_time": "2025-09-30T01:58:56.287Z",
    "user": 1,
    "content_type": 8,
    "object_id": "53",
    "object_repr": "Tricep Pushdown (beginner)",
    "action_flag": 1,
    "change_message": "[{\"added\": {}}]"
  }
},
{
  "model": "admin.logentry",
  "pk": 183,
  "fields": {
    "action_time": "2025-09-30T01:59:24.512Z",
    "user": 1,
    "content_type": 8,
    "object_id": "54",
    "object_repr": "Overhead Tricep Extension (beginner)",
    "action_flag": 1,
    "change_message": "[{\"added\": {}}]"
  }
},
{
  "model": "admin.logentry",
  "pk": 184,
  "fields": {
    "action_time": "2025-09-30T02:00:05.484Z",
    "user": 1,
    "content_type": 8,
    "object_id": "55",
    "object_repr": "Skull Crushers (intermediate)",
    "action_flag": 1,
    "change_message": "[{\"added\": {}}]"
  }
},
{
  "model": "admin.logentry",
  "pk": 185,
  "fields": {
    "action_time": "2025-09-30T02:00:59.414Z",
    "user": 1,
    "content_type": 8,
    "object_id": "56",
    "object_repr": "Plank (beginner)",
    "action_flag": 1,
    "change_message": "[{\"added\": {}}]"
  }
},
{
  "model": "admin.logentry",
  "pk": 186,
  "fields": {
    "action_time": "2025-09-30T02:01:29.818Z",
    "user": 1,
    "content_type": 8,
    "object_id": "57",
    "object_repr": "Crunches (beginner)",
    "action_flag": 1,
    "change_message": "[{\"added\": {}}]"
  }
},
{
  "model": "admin.logentry",
  "pk": 187,
  "fields": {
    "action_time": "2025-09-30T02:02:18.896Z",
    "user": 1,
    "content_type": 8,
    "object_id": "58",
    "object_repr": "Russian Twists (beginner)",
    "action_flag": 1,
    "change_message": "[{\"added\": {}}]"
  }
},
{
  "model": "admin.logentry",
  "pk": 188,
  "fields": {
    "action_time": "2025-09-30T02:02:58.051Z",
    "user": 1,
    "content_type": 8,
    "object_id": "59",
    "object_repr": "Hanging Leg Raises (intermediate)",
    "action_flag": 1,
    "change_message": "[{\"added\": {}}]"
  }
},
{
  "model": "admin.logentry",
  "pk": 189,
  "fields": {
    "action_time": "2025-09-30T02:03:38.478Z",
    "user": 1,
    "content_type": 8,
    "object_id": "60",
    "object_repr": "Cable Woodchoppers (intermediate)",
    "action_flag": 1,
    "change_message": "[{\"added\": {}}]"
  }
},
{
  "model": "admin.logentry",
  "pk": 190,
  "fields": {
    "action_time": "2025-09-30T02:04:26.844Z",
    "user": 1,
    "content_type": 8,
    "object_id": "61",
    "object_repr": "Bicycle Crunches (beginner)",
    "action_flag": 1,
    "change_message": "[{\"added\": {}}]"
  }
},
{
  "model": "admin.logentry",
  "pk": 191,
  "fields": {
    "action_time": "2025-09-30T02:06:06.532Z",
    "user": 1,
    "content_type": 8,
    "object_id": "62",
    "object_repr": "Mountain Climbers (beginner)",
    "action_flag": 1,
    "change_message": "[{\"added\": {}}]"
  }
},
{
  "model": "admin.logentry",
  "pk": 192,
  "fields": {
    "action_time": "2025-09-30T02:07:03.743Z",
    "user": 1,
    "content_type": 8,
    "object_id": "63",
    "object_repr": "Burpees (intermediate)",
    "action_flag": 1,
    "change_message": "[{\"added\": {}}]"
  }
},
{
  "model": "admin.logentry",
  "pk": 193,
  "fields": {
    "action_time": "2025-09-30T02:08:54.032Z",
    "user": 1,
    "content_type": 8,
    "object_id": "64",
    "object_repr": "Kettlebell Swings (intermediate)",
    "action_flag": 1,
    "change_message": "[{\"added\": {}}]"
  }
},
{
  "model": "admin.logentry",
  "pk": 194,
  "fields": {
    "action_time": "2025-09-30T02:10:07.625Z",
    "user": 1,
    "content_type": 8,
    "object_id": "65",
    "object_repr": "Box Jumps (intermediate)",
    "action_flag": 1,
    "change_message": "[{\"added\": {}}]"
  }
},
{
  "model": "admin.logentry",
  "pk": 195,
  "fields": {
    "action_time": "2025-09-30T02:10:56.705Z",
    "user": 1,
    "content_type": 8,
    "object_id": "66",
    "object_repr": "Battle Rope Waves (intermediate)",
    "action_flag": 1,
    "change_message": "[{\"added\": {}}]"
  }
},
{
  "model": "admin.logentry",
  "pk": 196,
  "fields": {
    "action_time": "2025-09-30T02:11:37.339Z",
    "user": 1,
    "content_type": 8,
    "object_id": "67",
    "object_repr": "Farmer's Walk (beginner)",
    "action_flag": 1,
    "change_message": "[{\"added\": {}}]"
  }
},
{
  "model": "admin.logentry",
  "pk": 197,
  "fields": {
    "action_time": "2025-09-30T02:12:11.066Z",
    "user": 1,
    "content_type": 8,
    "object_id": "68",
    "object_repr": "Shrugs (beginner)",
    "action_flag": 1,
    "change_message": "[{\"added\": {}}]"
  }
},
{
  "model": "admin.logentry",
  "pk": 198,
  "fields": {
    "action_time": "2025-09-30T02:13:07.035Z",
    "user": 1,
    "content_type": 8,
    "object_id": "69",
    "object_repr": "Hip Thrusts (intermediate)",
    "action_flag": 1,
    "change_message": "[{\"added\": {}}]"
  }
},
{
  "model": "admin.logentry",
  "pk": 199,
  "fields": {
    "action_time": "2025-09-30T02:13:52.643Z",
    "user": 1,
    "content_type": 8,
    "object_id": "70",
    "object_repr": "Bulgarian Split Squat (intermediate)",
    "action_flag": 1,
    "change_message": "[{\"added\": {}}]"
  }
},
{
  "model": "admin.logentry",
  "pk": 200,
  "fields": {
    "action_time": "2025-09-30T02:14:40.418Z",
    "user": 1,
    "content_type": 8,
    "object_id": "71",
    "object_repr": "TRX Rows (intermediate)",
    "action_flag": 1,
    "change_message": "[{\"added\": {}}]"
  }
},
{
  "model": "admin.logentry",
  "pk": 201,
  "fields": {
    "action_time": "2025-09-30T02:15:17.744Z",
    "user": 1,
    "content_type": 8,
    "object_id": "72",
    "object_repr": "Cable Rows (beginner)",
    "action_flag": 1,
    "change_message": "[{\"added\": {}}]"
  }
},
{
  "model": "admin.logentry",
  "pk": 202,
  "fields": {
    "action_time": "2025-10-02T17:44:17.574Z",
    "user": 1,
    "content_type": 4,
    "object_id": "2",
    "object_repr": "joel",
    "action_flag": 2,
    "change_message": "[{\"changed\": {\"fields\": [\"Superuser status\"]}}]"
  }
},
{
  "model": "admin.logentry",
  "pk": 203,
  "fields": {
    "action_time": "2025-10-02T17:48:16.295Z",
    "user": 1,
    "content_type": 4,
    "object_id": "2",
    "object_repr": "joel",
    "action_flag": 2,
    "change_message": "[{\"changed\": {\"fields\": [\"Staff status\"]}}]"
  }
},
{
  "model": "auth.permission",
  "pk": 1,
  "fields": {
    "name": "Can add log entry",
    "content_type": 1,
    "codename": "add_logentry"
  }
},
{
  "model": "auth.permission",
  "pk": 2,
  "fields": {
    "name": "Can change log entry",
    "content_type": 1,
    "codename": "change_logentry"
  }
},
{
  "model": "auth.permission",
  "pk": 3,
  "fields": {
    "name": "Can delete log entry",
    "content_type": 1,
    "codename": "delete_logentry"
  }
},
{
  "model": "auth.permission",
  "pk": 4,
  "fields": {
    "name": "Can view log entry",
    "content_type": 1,
    "codename": "view_logentry"
  }
},
{
  "model": "auth.permission",
  "pk": 5,
  "fields": {
    "name": "Can add permission",
    "content_type": 2,
    "codename": "add_permission"
  }
},
{
  "model": "auth.permission",
  "pk": 6,
  "fields": {
    "name": "Can change permission",
    "content_type": 2,
    "codename": "change_permission"
  }
},
{
  "model": "auth.permission",
  "pk": 7,
  "fields": {
    "name": "Can delete permission",
    "content_type": 2,
    "codename": "delete_permission"
  }
},
{
  "model": "auth.permission",
  "pk": 8,
  "fields": {
    "name": "Can view permission",
    "content_type": 2,
    "codename": "view_permission"
  }
},
{
  "model": "auth.permission",
  "pk": 9,
  "fields": {
    "name": "Can add group",
    "content_type": 3,
    "codename": "add_group"
  }
},
{
  "model": "auth.permission",
  "pk": 10,
  "fields": {
    "name": "Can change group",
    "content_type": 3,
    "codename": "change_group"
  }
},
{
  "model": "auth.permission",
  "pk": 11,
  "fields": {
    "name": "Can delete group",
    "content_type": 3,
    "codename": "delete_group"
  }
},
{
  "model": "auth.permission",
  "pk": 12,
  "fields": {
    "name": "Can view group",
    "content_type": 3,
    "codename": "view_group"
  }
},
{
  "model": "auth.permission",
  "pk": 13,
  "fields": {
    "name": "Can add user",
    "content_type": 4,
    "codename": "add_user"
  }
},
{
  "model": "auth.permission",
  "pk": 14,
  "fields": {
    "name": "Can change user",
    "content_type": 4,
    "codename": "change_user"
  }
},
{
  "model": "auth.permission",
  "pk": 15,
  "fields": {
    "name": "Can delete user",
    "content_type": 4,
    "codename": "delete_user"
  }
},
{
  "model": "auth.permission",
  "pk": 16,
  "fields": {
    "name": "Can view user",
    "content_type": 4,
    "codename": "view_user"
  }
},
{
  "model": "auth.permission",
  "pk": 17,
  "fields": {
    "name": "Can add content type",
    "content_type": 5,
    "codename": "add_contenttype"
  }
},
{
  "model": "auth.permission",
  "pk": 18,
  "fields": {
    "name": "Can change content type",
    "content_type": 5,
    "codename": "change_contenttype"
  }
},
{
  "model": "auth.permission",
  "pk": 19,
  "fields": {
    "name": "Can delete content type",
    "content_type": 5,
    "codename": "delete_contenttype"
  }
},
{
  "model": "auth.permission",
  "pk": 20,
  "fields": {
    "name": "Can view content type",
    "content_type": 5,
    "codename": "view_contenttype"
  }
},
{
  "model": "auth.permission",
  "pk": 21,
  "fields": {
    "name": "Can add session",
    "content_type": 6,
    "codename": "add_session"
  }
},
{
  "model": "auth.permission",
  "pk": 22,
  "fields": {
    "name": "Can change session",
    "content_type": 6,
    "codename": "change_session"
  }
},
{
  "model": "auth.permission",
  "pk": 23,
  "fields": {
    "name": "Can delete session",
    "content_type": 6,
    "codename": "delete_session"
  }
},
{
  "model": "auth.permission",
  "pk": 24,
  "fields": {
    "name": "Can view session",
    "content_type": 6,
    "codename": "view_session"
  }
},
{
  "model": "auth.permission",
  "pk": 25,
  "fields": {
    "name": "Can add muscle group",
    "content_type": 7,
    "codename": "add_musclegroup"
  }
},
{
  "model": "auth.permission",
  "pk": 26,
  "fields": {
    "name": "Can change muscle group",
    "content_type": 7,
    "codename": "change_musclegroup"
  }
},
{
  "model": "auth.permission",
  "pk": 27,
  "fields": {
    "name": "Can delete muscle group",
    "content_type": 7,
    "codename": "delete_musclegroup"
  }
},
{
  "model": "auth.permission",
  "pk": 28,
  "fields": {
    "name": "Can view muscle group",
    "content_type": 7,
    "codename": "view_musclegroup"
  }
},
{
  "model": "auth.permission",
  "pk": 29,
  "fields": {
    "name": "Can add exercise",
    "content_type": 8,
    "codename": "add_exercise"
  }
},
{
  "model": "auth.permission",
  "pk": 30,
  "fields": {
    "name": "Can change exercise",
    "content_type": 8,
    "codename": "change_exercise"
  }
},
{
  "model": "auth.permission",
  "pk": 31,
  "fields": {
    "name": "Can delete exercise",
    "content_type": 8,
    "codename": "delete_exercise"
  }
},
{
  "model": "auth.permission",
  "pk": 32,
  "fields": {
    "name": "Can view exercise",
    "content_type": 8,
    "codename": "view_exercise"
  }
},
{
  "model": "auth.permission",
  "pk": 33,
  "fields": {
    "name": "Can add equipment",
    "content_type": 9,
    "codename": "add_equipment"
  }
},
{
  "model": "auth.permission",
  "pk": 34,
  "fields": {
    "name": "Can change equipment",
    "content_type": 9,
    "codename": "change_equipment"
  }
},
{
  "model": "auth.permission",
  "pk": 35,
  "fields": {
    "name": "Can delete equipment",
    "content_type": 9,
    "codename": "delete_equipment"
  }
},
{
  "model": "auth.permission",
  "pk": 36,
  "fields": {
    "name": "Can view equipment",
    "content_type": 9,
    "codename": "view_equipment"
  }
},
{
  "model": "auth.permission",
  "pk": 37,
  "fields": {
    "name": "Can add goal",
    "content_type": 10,
    "codename": "add_goal"
  }
},
{
  "model": "auth.permission",
  "pk": 38,
  "fields": {
    "name": "Can change goal",
    "content_type": 10,
    "codename": "change_goal"
  }
},
{
  "model": "auth.permission",
  "pk": 39,
  "fields": {
    "name": "Can delete goal",
    "content_type": 10,
    "codename": "delete_goal"
  }
},
{
  "model": "auth.permission",
  "pk": 40,
  "fields": {
    "name": "Can view goal",
    "content_type": 10,
    "codename": "view_goal"
  }
},
{
  "model": "auth.permission",
  "pk": 41,
  "fields": {
    "name": "Can add muscle group category",
    "content_type": 11,
    "codename": "add_musclegroupcategory"
  }
},
{
  "model": "auth.permission",
  "pk": 42,
  "fields": {
    "name": "Can change muscle group category",
    "content_type": 11,
    "codename": "change_musclegroupcategory"
  }
},
{
  "model": "auth.permission",
  "pk": 43,
  "fields": {
    "name": "Can delete muscle group category",
    "content_type": 11,
    "codename": "delete_musclegroupcategory"
  }
},
{
  "model": "auth.permission",
  "pk": 44,
  "fields": {
    "name": "Can view muscle group category",
    "content_type": 11,
    "codename": "view_musclegroupcategory"
  }
},
{
  "model": "auth.permission",
  "pk": 45,
  "fields": {
    "name": "Can add profile",
    "content_type": 12,
    "codename": "add_profile"
  }
},
{
  "model": "auth.permission",
  "pk": 46,
  "fields": {
    "name": "Can change profile",
    "content_type": 12,
    "codename": "change_profile"
  }
},
{
  "model": "auth.permission",
  "pk": 47,
  "fields": {
    "name": "Can delete profile",
    "content_type": 12,
    "codename": "delete_profile"
  }
},
{
  "model": "auth.permission",
  "pk": 48,
  "fields": {
    "name": "Can view profile",
    "content_type": 12,
    "codename": "view_profile"
  }
},
{
  "model": "auth.permission",
  "pk": 49,
  "fields": {
    "name": "Can add comment",
    "content_type": 13,
    "codename": "add_comment"
  }
},
{
  "model": "auth.permission",
  "pk": 50,
  "fields": {
    "name": "Can change comment",
    "content_type": 13,
    "codename": "change_comment"
  }
},
{
  "model": "auth.permission",
  "pk": 51,
  "fields": {
    "name": "Can delete comment",
    "content_type": 13,
    "codename": "delete_comment"
  }
},
{
  "model": "auth.permission",
  "pk": 52,
  "fields": {
    "name": "Can view comment",
    "content_type": 13,
    "codename": "view_comment"
  }
},
{
  "model": "auth.permission",
  "pk": 53,
  "fields": {
    "name": "Can add post",
    "content_type": 14,
    "codename": "add_post"
  }
},
{
  "model": "auth.permission",
  "pk": 54,
  "fields": {
    "name": "Can change post",
    "content_type": 14,
    "codename": "change_post"
  }
},
{
  "model": "auth.permission",
  "pk": 55,
  "fields": {
    "name": "Can delete post",
    "content_type": 14,
    "codename": "delete_post"
  }
},
{
  "model": "auth.permission",
  "pk": 56,
  "fields": {
    "name": "Can view post",
    "content_type": 14,
    "codename": "view_post"
  }
},
{
  "model": "auth.user",
  "pk": 1,
  "fields": {
    "password": "pbkdf2_sha256$1000000$iER7xyYaxTMRpReBQdvFnU$KNfxWvDzzZXIm6wKB1zeUlpoCt16V5QaPZMJCWzIbqg=",
    "last_login": "2025-10-02T17:48:32.489Z",
    "is_superuser": true,
    "username": "username",
    "first_name": "",
    "last_name": "",
    "email": "random@gmail.com",
    "is_staff": true,
    "is_active": true,
    "date_joined": "2025-09-16T01:53:17.417Z",
    "groups": [],
    "user_permissions": []
  }
},
{
  "model": "auth.user",
  "pk": 2,
  "fields": {
    "password": "pbkdf2_sha256$1000000$yOiUlhQRG82Ecs8gpkYKEx$V/REbRMGuXmtx/O9FMWpQL5AzymPMhY9xON7Z0DtEa8=",
    "last_login": "2025-10-28T20:49:11.517Z",
    "is_superuser": true,
    "username": "joel",
    "first_name": "",
    "last_name": "",
    "email": "joel@example.com",
    "is_staff": true,
    "is_active": true,
    "date_joined": "2025-10-02T17:43:15Z",
    "groups": [],
    "user_permissions": []
  }
},
{
  "model": "auth.user",
  "pk": 3,
  "fields": {
    "password": "pbkdf2_sha256$1000000$qrGXF2vbzRpnpuOzahUieO$66d/N3aKOMBYUXPh7eQ+L3QZCnJhICpLF106HteYgfk=",
    "last_login": "2025-10-07T00:07:36.147Z",
    "is_superuser": false,
    "username": "MOOB",
    "first_name": "",
    "last_name": "",
    "email": "MOOB@mail.com",
    "is_staff": false,
    "is_active": true,
    "date_joined": "2025-10-06T23:31:49.794Z",
    "groups": [],
    "user_permissions": []
  }
},
{
  "model": "auth.user",
  "pk": 4,
  "fields": {
    "password": "pbkdf2_sha256$1000000$Jv5AfbBxFFom5R0B87CogV$IzpWICJ1hvLROZG8z/2EcyxdqiO3lVaTVcBx72FiTDs=",
    "last_login": "2025-10-10T00:51:32.649Z",
    "is_superuser": false,
    "username": "CaptainBacon",
    "first_name": "",
    "last_name": "",
    "email": "austinheger1@gmail.com",
    "is_staff": false,
    "is_active": true,
    "date_joined": "2025-10-10T00:44:42.442Z",
    "groups": [],
    "user_permissions": []
  }
},
{
  "model": "contenttypes.contenttype",
  "pk": 1,
  "fields": {
    "app_label": "admin",
    "model": "logentry"
  }
},
{
  "model": "contenttypes.contenttype",
  "pk": 2,
  "fields": {
    "app_label": "auth",
    "model": "permission"
  }
},
{
  "model": "contenttypes.contenttype",
  "pk": 3,
  "fields": {
    "app_label": "auth",
    "model": "group"
  }
},
{
  "model": "contenttypes.contenttype",
  "pk": 4,
  "fields": {
    "app_label": "auth",
    "model": "user"
  }
},
{
  "model": "contenttypes.contenttype",
  "pk": 5,
  "fields": {
    "app_label": "contenttypes",
    "model": "contenttype"
  }
},
{
  "model": "contenttypes.contenttype",
  "pk": 6,
  "fields": {
    "app_label": "sessions",
    "model": "session"
  }
},
{
  "model": "contenttypes.contenttype",
  "pk": 7,
  "fields": {
    "app_label": "workouts",
    "model": "musclegroup"
  }
},
{
  "model": "contenttypes.contenttype",
  "pk": 8,
  "fields": {
    "app_label": "workouts",
    "model": "exercise"
  }
},
{
  "model": "contenttypes.contenttype",
  "pk": 9,
  "fields": {
    "app_label": "workouts",
    "model": "equipment"
  }
},
{
  "model": "contenttypes.contenttype",
  "pk": 10,
  "fields": {
    "app_label": "workouts",
    "model": "goal"
  }
},
{
  "model": "contenttypes.contenttype",
  "pk": 11,
  "fields": {
    "app_label": "workouts",
    "model": "musclegroupcategory"
  }
},
{
  "model": "contenttypes.contenttype",
  "pk": 12,
  "fields": {
    "app_label": "accounts",
    "model": "profile"
  }
},
{
  "model": "contenttypes.contenttype",
  "pk": 13,
  "fields": {
    "app_label": "community_page",
    "model": "comment"
  }
},
{
  "model": "contenttypes.contenttype",
  "pk": 14,
  "fields": {
    "app_label": "community_page",
    "model": "post"
  }
},
{
  "model": "sessions.session",
  "pk": "05mq12ok6wnihrndn6xa3nit93crz46v",
  "fields": {
    "session_data": ".eJxVjMsOwiAQRf-FtSG8hODSvd9AhplBqgaS0q6M_26bdKHbc869b5FgXWpaB89pInERWpx-WQZ8ctsFPaDdu8TelnnKck_kYYe8deLX9Wj_DiqMuq2NDeRcyZzRBYOUlY1GoQpOc9RYNma9jeDYalYFzj5bYB8dcCgaSHy-58Y4Tw:1uyKtS:OQ0r3UuTkrOP-8givfGDkIwOSRakIieTlUaFVzjQI6g",
    "expire_date": "2025-09-30T01:54:06.352Z"
  }
},
{
  "model": "sessions.session",
  "pk": "2oz0644ku624mps1yg23rmn81qis0f63",
  "fields": {
    "session_data": ".eJxVjMEOwiAQRP-FsyFAoUWP3v0GsrssUjWQlPZk_Hdp0oPeJvPezFsE2NYctsZLmKO4CCtOvx0CPbnsID6g3KukWtZlRrkr8qBN3mrk1_Vw_w4ytNzX08jsojXmDAlo0qRV8qB7sEqPbujRoAc2xrFi9Im88oNWkdgZTCg-X-OOOBg:1v71FT:IIX1Xw0isPaJ-OZ45rpplDqQgAQq51MsqLhU4QxVYD8",
    "expire_date": "2025-10-24T00:44:43.490Z"
  }
},
{
  "model": "sessions.session",
  "pk": "3t90lusx1uhv0jowdg6ockgcqo46ys1n",
  "fields": {
    "session_data": ".eJxVjMsOwiAQRf-FtSFAebp07zcQZgakaiAp7cr479qkC93ec859sZi2tcZt5CXOxM5MsdPvBgkfue2A7qndOsfe1mUGviv8oINfO-Xn5XD_Dmoa9VsHjQjGeLKgHUxSCe11kQaykAGDnMSERRnvk0UrQgDpnaUcSnYCiiT2_gDLvzd_:1vDqcx:tTvBcUWBiv2fD_13l7GFff6DqRDNdPxb6KjLQjF4LQ8",
    "expire_date": "2025-11-11T20:49:11.524Z"
  }
},
{
  "model": "sessions.session",
  "pk": "9bepsih8hz6ewf9vccsehjdvfl0weic2",
  "fields": {
    "session_data": ".eJxVjMsOwiAQRf-FtSFAebp07zcQZgakaiAp7cr479qkC93ec859sZi2tcZt5CXOxM5MsdPvBgkfue2A7qndOsfe1mUGviv8oINfO-Xn5XD_Dmoa9VsHjQjGeLKgHUxSCe11kQaykAGDnMSERRnvk0UrQgDpnaUcSnYCiiT2_gDLvzd_:1v4NQ6:sKIbedoEFw_EsJ4KCjnoKGMvFs9Oi6Sxc_3Hzq6LFZk",
    "expire_date": "2025-10-16T17:48:46.999Z"
  }
},
{
  "model": "sessions.session",
  "pk": "dm9ws4902iibut6k8k9ag09yto8s0lg2",
  "fields": {
    "session_data": ".eJxVjMsOwiAQRf-FtSG8hODSvd9AhplBqgaS0q6M_26bdKHbc869b5FgXWpaB89pInERWpx-WQZ8ctsFPaDdu8TelnnKck_kYYe8deLX9Wj_DiqMuq2NDeRcyZzRBYOUlY1GoQpOc9RYNma9jeDYalYFzj5bYB8dcCgaSHy-58Y4Tw:1v3PZP:3DdcNEkeYEsC-IoxKji8bP_RNWGYkEYlIqG4p3AbsGk",
    "expire_date": "2025-10-14T01:54:23.338Z"
  }
},
{
  "model": "sessions.session",
  "pk": "h02lq1yt6fthtr951vsgjd3u94zcvyiu",
  "fields": {
    "session_data": ".eJxVjM1qxDAMhN_FZxHWluTEe-y9T1BKUBSlSbfEkB_KsvTda8Me2svAzDczD9fLecz9udvWL6O7OnTwNxtEb7ZWMH7K-pEbzeuxLUNTK82T7s1rHu3r5dn9dzDLPpf1IG0KqDJF1S5dPKWJJmUjVWtHj4kHI8MpttIxayLzJDH6MiNvksrpd95u-Tz6edmPvN3d9S1ECAwYAD1wAiLgAKEF7KAgulRabNVYEZYkATMQvv_8AvqjS5c:1v9DQ5:06TbVDqtz5KKTgkEmbNsFE92TVWdvJt7TteECz8wm6k",
    "expire_date": "2025-10-30T02:08:45.877Z"
  }
},
{
  "model": "sessions.session",
  "pk": "o536xrba1kgor54cn5du7976xf1030j2",
  "fields": {
    "session_data": ".eJxVjMEOwiAQRP-FsyFAoUWP3v0GsrssUjWQlPZk_Hdp0oPeJvPezFsE2NYctsZLmKO4CCtOvx0CPbnsID6g3KukWtZlRrkr8qBN3mrk1_Vw_w4ytNzX08jsojXmDAlo0qRV8qB7sEqPbujRoAc2xrFi9Im88oNWkdgZTCg-X-OOOBg:1v71M4:P3mg3cOs0OfclRGv80xkN2FoxwGfg9mypZRa03Qgag4",
    "expire_date": "2025-10-24T00:51:32.661Z"
  }
},
{
  "model": "workouts.musclegroup",
  "pk": 14,
  "fields": {
    "name": "Chest"
  }
},
{
  "model": "workouts.musclegroup",
  "pk": 15,
  "fields": {
    "name": "Upper Chest"
  }
},
{
  "model": "workouts.musclegroup",
  "pk": 16,
  "fields": {
    "name": "Lower Chest"
  }
},
{
  "model": "workouts.musclegroup",
  "pk": 17,
  "fields": {
    "name": "Front Deltoids"
  }
},
{
  "model": "workouts.musclegroup",
  "pk": 18,
  "fields": {
    "name": "Side Deltoids"
  }
},
{
  "model": "workouts.musclegroup",
  "pk": 19,
  "fields": {
    "name": "Rear Deltoids"
  }
},
{
  "model": "workouts.musclegroup",
  "pk": 20,
  "fields": {
    "name": "Biceps"
  }
},
{
  "model": "workouts.musclegroup",
  "pk": 21,
  "fields": {
    "name": "Triceps"
  }
},
{
  "model": "workouts.musclegroup",
  "pk": 22,
  "fields": {
    "name": "Forearms"
  }
},
{
  "model": "workouts.musclegroup",
  "pk": 23,
  "fields": {
    "name": "Upper Back"
  }
},
{
  "model": "workouts.musclegroup",
  "pk": 24,
  "fields": {
    "name": "Lats"
  }
},
{
  "model": "workouts.musclegroup",
  "pk": 25,
  "fields": {
    "name": "Lower Back"
  }
},
{
  "model": "workouts.musclegroup",
  "pk": 26,
  "fields": {
    "name": "Traps"
  }
},
{
  "model": "workouts.musclegroup",
  "pk": 27,
  "fields": {
    "name": "Abs"
  }
},
{
  "model": "workouts.musclegroup",
  "pk": 28,
  "fields": {
    "name": "Obliques"
  }
},
{
  "model": "workouts.musclegroup",
  "pk": 29,
  "fields": {
    "name": "Quadriceps"
  }
},
{
  "model": "workouts.musclegroup",
  "pk": 30,
  "fields": {
    "name": "Hamstrings"
  }
},
{
  "model": "workouts.musclegroup",
  "pk": 31,
  "fields": {
    "name": "Glutes"
  }
},
{
  "model": "workouts.musclegroup",
  "pk": 32,
  "fields": {
    "name": "Calves"
  }
},
{
  "model": "workouts.musclegroup",
  "pk": 33,
  "fields": {
    "name": "Hip Flexors"
  }
},
{
  "model": "workouts.musclegroup",
  "pk": 34,
  "fields": {
    "name": "Adductors"
  }
},
{
  "model": "workouts.musclegroup",
  "pk": 35,
  "fields": {
    "name": "Abductors"
  }
},
{
  "model": "workouts.goal",
  "pk": 1,
  "fields": {
    "name": "Strength"
  }
},
{
  "model": "workouts.goal",
  "pk": 2,
  "fields": {
    "name": "Muscle Growth"
  }
},
{
  "model": "workouts.goal",
  "pk": 3,
  "fields": {
    "name": "Endurance"
  }
},
{
  "model": "workouts.goal",
  "pk": 4,
  "fields": {
    "name": "Cardio"
  }
},
{
  "model": "workouts.goal",
  "pk": 5,
  "fields": {
    "name": "Weight Loss"
  }
},
{
  "model": "workouts.goal",
  "pk": 6,
  "fields": {
    "name": "Flexibility"
  }
},
{
  "model": "workouts.goal",
  "pk": 7,
  "fields": {
    "name": "Rehabilitation"
  }
},
{
  "model": "workouts.goal",
  "pk": 8,
  "fields": {
    "name": "Power"
  }
},
{
  "model": "workouts.goal",
  "pk": 9,
  "fields": {
    "name": "Athletic Performance"
  }
},
{
  "model": "workouts.equipment",
  "pk": 8,
  "fields": {
    "name": "Barbell"
  }
},
{
  "model": "workouts.equipment",
  "pk": 9,
  "fields": {
    "name": "Dumbbell"
  }
},
{
  "model": "workouts.equipment",
  "pk": 10,
  "fields": {
    "name": "Kettlebell"
  }
},
{
  "model": "workouts.equipment",
  "pk": 11,
  "fields": {
    "name": "Resistance Band"
  }
},
{
  "model": "workouts.equipment",
  "pk": 12,
  "fields": {
    "name": "Pull-up Bar"
  }
},
{
  "model": "workouts.equipment",
  "pk": 13,
  "fields": {
    "name": "Bench"
  }
},
{
  "model": "workouts.equipment",
  "pk": 14,
  "fields": {
    "name": "Squat Rack"
  }
},
{
  "model": "workouts.equipment",
  "pk": 15,
  "fields": {
    "name": "Preacher Curl Bench"
  }
},
{
  "model": "workouts.equipment",
  "pk": 16,
  "fields": {
    "name": "Dip Station"
  }
},
{
  "model": "workouts.equipment",
  "pk": 17,
  "fields": {
    "name": "Medicine Ball"
  }
},
{
  "model": "workouts.equipment",
  "pk": 18,
  "fields": {
    "name": "Foam Roller"
  }
},
{
  "model": "workouts.equipment",
  "pk": 19,
  "fields": {
    "name": "Exercise Ball"
  }
},
{
  "model": "workouts.equipment",
  "pk": 20,
  "fields": {
    "name": "TRX Suspension"
  }
},
{
  "model": "workouts.equipment",
  "pk": 21,
  "fields": {
    "name": "Battle Ropes"
  }
},
{
  "model": "workouts.equipment",
  "pk": 22,
  "fields": {
    "name": "Bodyweight"
  }
},
{
  "model": "workouts.equipment",
  "pk": 23,
  "fields": {
    "name": "Machine"
  }
},
{
  "model": "workouts.musclegroupcategory",
  "pk": 4,
  "fields": {
    "name": "Push",
    "muscles": [
      14,
      15,
      16,
      17,
      18,
      21
    ]
  }
},
{
  "model": "workouts.musclegroupcategory",
  "pk": 5,
  "fields": {
    "name": "Pull",
    "muscles": [
      19,
      20,
      22,
      23,
      24,
      26
    ]
  }
},
{
  "model": "workouts.musclegroupcategory",
  "pk": 6,
  "fields": {
    "name": "Legs",
    "muscles": [
      29,
      30,
      31,
      32,
      33,
      34,
      35
    ]
  }
},
{
  "model": "workouts.musclegroupcategory",
  "pk": 7,
  "fields": {
    "name": "Core",
    "muscles": [
      25,
      27,
      28
    ]
  }
},
{
  "model": "workouts.musclegroupcategory",
  "pk": 8,
  "fields": {
    "name": "Upper Body",
    "muscles": [
      14,
      15,
      16,
      17,
      18,
      19,
      20,
      21,
      22,
      23,
      24,
      26
    ]
  }
},
{
  "model": "workouts.musclegroupcategory",
  "pk": 9,
  "fields": {
    "name": "Lower Body",
    "muscles": [
      29,
      30,
      31,
      32,
      33,
      34,
      35
    ]
  }
},
{
  "model": "workouts.exercise",
  "pk": 25,
  "fields": {
    "name": "Barbell Bench Press",
    "mechanics": "compound",
    "difficulty": "intermediate",
    "description": "Lie on a flat bench and lower the barbell to your chest, then press it back up to full arm extension.",
    "image_url": null,
    "primary_muscle": [
      14
    ],
    "secondary_muscles": [
      17,
      21
    ],
    "equipment": [
      8,
      13
    ],
    "goals": [
      1,
      2,
      8
    ]
  }
},
{
  "model": "workouts.exercise",
  "pk": 26,
  "fields": {
    "name": "Incline Dumbbell Press",
    "mechanics": "compound",
    "difficulty": "intermediate",
    "description": "Press dumbbells upward on an inclined bench to target the upper chest.",
    "image_url": null,
    "primary_muscle": [
      15
    ],
    "secondary_muscles": [
      17,
      21
    ],
    "equipment": [
      9,
      13
    ],
    "goals": [
      1,
      2
    ]
  }
},
{
  "model": "workouts.exercise",
  "pk": 27,
  "fields": {
    "name": "Decline Bench Press",
    "mechanics": "compound",
    "difficulty": "intermediate",
    "description": "Press the barbell on a decline bench to emphasize the lower chest.",
    "image_url": null,
    "primary_muscle": [
      16
    ],
    "secondary_muscles": [
      21
    ],
    "equipment": [
      8,
      13
    ],
    "goals": [
      1,
      2
    ]
  }
},
{
  "model": "workouts.exercise",
  "pk": 28,
  "fields": {
    "name": "Push-Ups",
    "mechanics": "compound",
    "difficulty": "beginner",
    "description": "Classic bodyweight exercise performed in a plank position, lowering and raising your body.",
    "image_url": null,
    "primary_muscle": [
      14
    ],
    "secondary_muscles": [
      17,
      21
    ],
    "equipment": [
      22
    ],
    "goals": [
      1,
      3,
      5
    ]
  }
},
{
  "model": "workouts.exercise",
  "pk": 29,
  "fields": {
    "name": "Dumbbell Flyes",
    "mechanics": "isolation",
    "difficulty": "intermediate",
    "description": "Lie on a bench and lower dumbbells out to the sides in an arc motion, stretching the chest.",
    "image_url": null,
    "primary_muscle": [
      14
    ],
    "secondary_muscles": [],
    "equipment": [
      9,
      13
    ],
    "goals": [
      2
    ]
  }
},
{
  "model": "workouts.exercise",
  "pk": 30,
  "fields": {
    "name": "Cable Crossover",
    "mechanics": "isolation",
    "difficulty": "intermediate",
    "description": "Pull cable handles across your body in a hugging motion to isolate the chest.",
    "image_url": null,
    "primary_muscle": [
      14
    ],
    "secondary_muscles": [],
    "equipment": [
      23
    ],
    "goals": [
      2
    ]
  }
},
{
  "model": "workouts.exercise",
  "pk": 31,
  "fields": {
    "name": "Barbell Squat",
    "mechanics": "compound",
    "difficulty": "intermediate",
    "description": "Lower your body by bending knees and hips with a barbell on your back, then return to standing.",
    "image_url": null,
    "primary_muscle": [
      29
    ],
    "secondary_muscles": [
      30,
      31
    ],
    "equipment": [
      8,
      14
    ],
    "goals": [
      1,
      2,
      8,
      9
    ]
  }
},
{
  "model": "workouts.exercise",
  "pk": 32,
  "fields": {
    "name": "Romanian Deadlift",
    "mechanics": "compound",
    "difficulty": "intermediate",
    "description": "Hinge at the hips while keeping legs mostly straight to lower the barbell, targeting hamstrings.",
    "image_url": null,
    "primary_muscle": [
      30
    ],
    "secondary_muscles": [
      25,
      31
    ],
    "equipment": [
      8
    ],
    "goals": [
      1,
      2
    ]
  }
},
{
  "model": "workouts.exercise",
  "pk": 33,
  "fields": {
    "name": "Leg Press",
    "mechanics": "compound",
    "difficulty": "beginner",
    "description": "Push weight away using your legs while seated in a leg press machine.",
    "image_url": null,
    "primary_muscle": [
      29
    ],
    "secondary_muscles": [
      31
    ],
    "equipment": [
      23
    ],
    "goals": [
      1,
      2
    ]
  }
},
{
  "model": "workouts.exercise",
  "pk": 34,
  "fields": {
    "name": "Leg Curl",
    "mechanics": "isolation",
    "difficulty": "beginner",
    "description": "Curl your legs upward against resistance to isolate the hamstrings.",
    "image_url": null,
    "primary_muscle": [
      30
    ],
    "secondary_muscles": [],
    "equipment": [
      23
    ],
    "goals": [
      2
    ]
  }
},
{
  "model": "workouts.exercise",
  "pk": 35,
  "fields": {
    "name": "Leg Extension",
    "mechanics": "isolation",
    "difficulty": "beginner",
    "description": "Extend your legs against resistance to isolate the quadriceps.",
    "image_url": null,
    "primary_muscle": [
      29
    ],
    "secondary_muscles": [],
    "equipment": [
      23
    ],
    "goals": [
      2,
      7
    ]
  }
},
{
  "model": "workouts.exercise",
  "pk": 36,
  "fields": {
    "name": "Walking Lunges",
    "mechanics": "compound",
    "difficulty": "beginner",
    "description": "Step forward into a lunge position alternating legs while walking.",
    "image_url": null,
    "primary_muscle": [
      29
    ],
    "secondary_muscles": [
      30,
      31
    ],
    "equipment": [
      9
    ],
    "goals": [
      1,
      3,
      9
    ]
  }
},
{
  "model": "workouts.exercise",
  "pk": 37,
  "fields": {
    "name": "Calf Raises",
    "mechanics": "isolation",
    "difficulty": "beginner",
    "description": "Raise your heels off the ground to work the calf muscles.",
    "image_url": null,
    "primary_muscle": [
      32
    ],
    "secondary_muscles": [],
    "equipment": [
      9,
      22
    ],
    "goals": [
      2,
      3
    ]
  }
},
{
  "model": "workouts.exercise",
  "pk": 38,
  "fields": {
    "name": "Pull-Ups",
    "mechanics": "compound",
    "difficulty": "intermediate",
    "description": "Hang from a bar and pull your body upward until your chin is over the bar.",
    "image_url": null,
    "primary_muscle": [
      24
    ],
    "secondary_muscles": [
      20,
      23
    ],
    "equipment": [
      12
    ],
    "goals": [
      1,
      2,
      9
    ]
  }
},
{
  "model": "workouts.exercise",
  "pk": 39,
  "fields": {
    "name": "Lat Pulldown",
    "mechanics": "compound",
    "difficulty": "beginner",
    "description": "Pull a bar down to your chest while seated, engaging the back muscles.",
    "image_url": null,
    "primary_muscle": [
      24
    ],
    "secondary_muscles": [
      20,
      23
    ],
    "equipment": [
      23
    ],
    "goals": [
      1,
      2
    ]
  }
},
{
  "model": "workouts.exercise",
  "pk": 40,
  "fields": {
    "name": "Barbell Row",
    "mechanics": "compound",
    "difficulty": "intermediate",
    "description": "Bend forward and pull a barbell toward your torso, squeezing your back muscles.",
    "image_url": null,
    "primary_muscle": [
      23
    ],
    "secondary_muscles": [
      19,
      20,
      24
    ],
    "equipment": [
      8
    ],
    "goals": [
      1,
      2
    ]
  }
},
{
  "model": "workouts.exercise",
  "pk": 41,
  "fields": {
    "name": "Dumbbell Row",
    "mechanics": "compound",
    "difficulty": "beginner",
    "description": "Support yourself on a bench and pull a dumbbell toward your hip.",
    "image_url": null,
    "primary_muscle": [
      23
    ],
    "secondary_muscles": [
      20,
      24
    ],
    "equipment": [
      9,
      13
    ],
    "goals": [
      1,
      2
    ]
  }
},
{
  "model": "workouts.exercise",
  "pk": 42,
  "fields": {
    "name": "Face Pulls",
    "mechanics": "compound",
    "difficulty": "beginner",
    "description": "Pull a rope attachment toward your face, engaging rear delts and upper back.",
    "image_url": null,
    "primary_muscle": [
      19
    ],
    "secondary_muscles": [
      23
    ],
    "equipment": [
      23
    ],
    "goals": [
      2,
      7
    ]
  }
},
{
  "model": "workouts.exercise",
  "pk": 43,
  "fields": {
    "name": "Deadlift",
    "mechanics": "compound",
    "difficulty": "advanced",
    "description": "Lift a barbell from the ground to hip level by extending hips and knees.",
    "image_url": null,
    "primary_muscle": [
      25
    ],
    "secondary_muscles": [
      26,
      30,
      31
    ],
    "equipment": [
      8
    ],
    "goals": [
      1,
      8,
      9
    ]
  }
},
{
  "model": "workouts.exercise",
  "pk": 44,
  "fields": {
    "name": "Overhead Press",
    "mechanics": "compound",
    "difficulty": "intermediate",
    "description": "Press a barbell overhead from shoulder level to full arm extension.",
    "image_url": null,
    "primary_muscle": [
      17
    ],
    "secondary_muscles": [
      18,
      21
    ],
    "equipment": [
      8
    ],
    "goals": [
      1,
      2,
      8
    ]
  }
},
{
  "model": "workouts.exercise",
  "pk": 45,
  "fields": {
    "name": "Dumbbell Shoulder Press",
    "mechanics": "compound",
    "difficulty": "beginner",
    "description": "Press dumbbells overhead from shoulder height.",
    "image_url": null,
    "primary_muscle": [
      17
    ],
    "secondary_muscles": [
      18,
      21
    ],
    "equipment": [
      9
    ],
    "goals": [
      1,
      2
    ]
  }
},
{
  "model": "workouts.exercise",
  "pk": 46,
  "fields": {
    "name": "Lateral Raises",
    "mechanics": "isolation",
    "difficulty": "beginner",
    "description": "Raise dumbbells out to the sides to isolate the lateral deltoids.",
    "image_url": null,
    "primary_muscle": [
      18
    ],
    "secondary_muscles": [],
    "equipment": [
      9
    ],
    "goals": [
      2
    ]
  }
},
{
  "model": "workouts.exercise",
  "pk": 47,
  "fields": {
    "name": "Front Raises",
    "mechanics": "isolation",
    "difficulty": "beginner",
    "description": "Raise dumbbells in front of you to shoulder height.",
    "image_url": null,
    "primary_muscle": [
      17
    ],
    "secondary_muscles": [],
    "equipment": [
      9
    ],
    "goals": [
      2
    ]
  }
},
{
  "model": "workouts.exercise",
  "pk": 48,
  "fields": {
    "name": "Barbell Curl",
    "mechanics": "isolation",
    "difficulty": "beginner",
    "description": "Curl a barbell upward by flexing the elbows, keeping upper arms stationary.",
    "image_url": null,
    "primary_muscle": [
      20
    ],
    "secondary_muscles": [],
    "equipment": [
      8
    ],
    "goals": [
      1,
      2
    ]
  }
},
{
  "model": "workouts.exercise",
  "pk": 49,
  "fields": {
    "name": "Dumbbell Curl",
    "mechanics": "isolation",
    "difficulty": "beginner",
    "description": "Curl dumbbells upward alternating or simultaneously.",
    "image_url": null,
    "primary_muscle": [
      20
    ],
    "secondary_muscles": [],
    "equipment": [
      9
    ],
    "goals": [
      2
    ]
  }
},
{
  "model": "workouts.exercise",
  "pk": 50,
  "fields": {
    "name": "Hammer Curl",
    "mechanics": "compound",
    "difficulty": "beginner",
    "description": "Curl dumbbells with palms facing each other to target biceps and forearms.",
    "image_url": null,
    "primary_muscle": [
      20
    ],
    "secondary_muscles": [
      22
    ],
    "equipment": [
      9
    ],
    "goals": [
      2
    ]
  }
},
{
  "model": "workouts.exercise",
  "pk": 51,
  "fields": {
    "name": "Preacher Curl",
    "mechanics": "isolation",
    "difficulty": "beginner",
    "description": "Perform curls with arms resting on a preacher bench for strict isolation.",
    "image_url": null,
    "primary_muscle": [
      20
    ],
    "secondary_muscles": [],
    "equipment": [
      8,
      15
    ],
    "goals": [
      2
    ]
  }
},
{
  "model": "workouts.exercise",
  "pk": 52,
  "fields": {
    "name": "Tricep Dips",
    "mechanics": "compound",
    "difficulty": "intermediate",
    "description": "Lower and raise your body between parallel bars using tricep strength.",
    "image_url": null,
    "primary_muscle": [
      21
    ],
    "secondary_muscles": [
      14,
      17
    ],
    "equipment": [
      16
    ],
    "goals": [
      1,
      2
    ]
  }
},
{
  "model": "workouts.exercise",
  "pk": 53,
  "fields": {
    "name": "Tricep Pushdown",
    "mechanics": "isolation",
    "difficulty": "beginner",
    "description": "Push a cable attachment downward to extend the elbows and work the triceps.",
    "image_url": null,
    "primary_muscle": [
      21
    ],
    "secondary_muscles": [],
    "equipment": [
      23
    ],
    "goals": [
      2
    ]
  }
},
{
  "model": "workouts.exercise",
  "pk": 54,
  "fields": {
    "name": "Overhead Tricep Extension",
    "mechanics": "isolation",
    "difficulty": "beginner",
    "description": "Extend a dumbbell overhead, focusing on tricep contraction.",
    "image_url": null,
    "primary_muscle": [
      21
    ],
    "secondary_muscles": [],
    "equipment": [
      9
    ],
    "goals": [
      2
    ]
  }
},
{
  "model": "workouts.exercise",
  "pk": 55,
  "fields": {
    "name": "Skull Crushers",
    "mechanics": "isolation",
    "difficulty": "intermediate",
    "description": "Lower a barbell toward your forehead while lying on a bench, then extend back up.",
    "image_url": null,
    "primary_muscle": [
      21
    ],
    "secondary_muscles": [],
    "equipment": [
      8,
      13
    ],
    "goals": [
      2
    ]
  }
},
{
  "model": "workouts.exercise",
  "pk": 56,
  "fields": {
    "name": "Plank",
    "mechanics": "compound",
    "difficulty": "beginner",
    "description": "Hold a push-up position with body straight, engaging core muscles.",
    "image_url": null,
    "primary_muscle": [
      27
    ],
    "secondary_muscles": [
      28
    ],
    "equipment": [
      22
    ],
    "goals": [
      1,
      3
    ]
  }
},
{
  "model": "workouts.exercise",
  "pk": 57,
  "fields": {
    "name": "Crunches",
    "mechanics": "isolation",
    "difficulty": "beginner",
    "description": "Lie on your back and curl your upper body toward your knees.",
    "image_url": null,
    "primary_muscle": [
      27
    ],
    "secondary_muscles": [],
    "equipment": [
      22
    ],
    "goals": [
      2,
      3
    ]
  }
},
{
  "model": "workouts.exercise",
  "pk": 58,
  "fields": {
    "name": "Russian Twists",
    "mechanics": "compound",
    "difficulty": "beginner",
    "description": "Sit with feet elevated and rotate your torso side to side.",
    "image_url": null,
    "primary_muscle": [
      28
    ],
    "secondary_muscles": [
      27
    ],
    "equipment": [
      17,
      22
    ],
    "goals": [
      2,
      3
    ]
  }
},
{
  "model": "workouts.exercise",
  "pk": 59,
  "fields": {
    "name": "Hanging Leg Raises",
    "mechanics": "compound",
    "difficulty": "intermediate",
    "description": "Hang from a bar and raise your legs to work the lower abs.",
    "image_url": null,
    "primary_muscle": [
      27
    ],
    "secondary_muscles": [
      33
    ],
    "equipment": [
      12
    ],
    "goals": [
      1,
      2
    ]
  }
},
{
  "model": "workouts.exercise",
  "pk": 60,
  "fields": {
    "name": "Cable Woodchoppers",
    "mechanics": "compound",
    "difficulty": "intermediate",
    "description": "Rotate your torso while pulling a cable across your body in a chopping motion.",
    "image_url": null,
    "primary_muscle": [
      28
    ],
    "secondary_muscles": [
      27
    ],
    "equipment": [
      23
    ],
    "goals": []
  }
},
{
  "model": "workouts.exercise",
  "pk": 61,
  "fields": {
    "name": "Bicycle Crunches",
    "mechanics": "compound",
    "difficulty": "beginner",
    "description": "Alternate bringing opposite elbow to knee in a cycling motion.",
    "image_url": null,
    "primary_muscle": [
      27
    ],
    "secondary_muscles": [
      28
    ],
    "equipment": [
      22
    ],
    "goals": [
      3,
      5
    ]
  }
},
{
  "model": "workouts.exercise",
  "pk": 62,
  "fields": {
    "name": "Mountain Climbers",
    "mechanics": "compound",
    "difficulty": "beginner",
    "description": "In plank position, alternate driving knees toward chest rapidly.",
    "image_url": null,
    "primary_muscle": [
      27
    ],
    "secondary_muscles": [
      33
    ],
    "equipment": [
      22
    ],
    "goals": [
      3,
      4,
      5
    ]
  }
},
{
  "model": "workouts.exercise",
  "pk": 63,
  "fields": {
    "name": "Burpees",
    "mechanics": "compound",
    "difficulty": "intermediate",
    "description": "Drop to push-up, jump feet forward, then jump up explosively.",
    "image_url": null,
    "primary_muscle": [
      29
    ],
    "secondary_muscles": [
      14,
      27,
      31
    ],
    "equipment": [
      22
    ],
    "goals": [
      3,
      4,
      5
    ]
  }
},
{
  "model": "workouts.exercise",
  "pk": 64,
  "fields": {
    "name": "Kettlebell Swings",
    "mechanics": "compound",
    "difficulty": "intermediate",
    "description": "Swing a kettlebell between legs and up to chest level using hip thrust.",
    "image_url": null,
    "primary_muscle": [
      31
    ],
    "secondary_muscles": [
      25,
      30
    ],
    "equipment": [
      10
    ],
    "goals": [
      3,
      4,
      5,
      8
    ]
  }
},
{
  "model": "workouts.exercise",
  "pk": 65,
  "fields": {
    "name": "Box Jumps",
    "mechanics": "compound",
    "difficulty": "intermediate",
    "description": "Jump explosively onto a raised platform and step back down.",
    "image_url": null,
    "primary_muscle": [
      29
    ],
    "secondary_muscles": [
      31,
      32
    ],
    "equipment": [
      22
    ],
    "goals": [
      8,
      9
    ]
  }
},
{
  "model": "workouts.exercise",
  "pk": 66,
  "fields": {
    "name": "Battle Rope Waves",
    "mechanics": "compound",
    "difficulty": "intermediate",
    "description": "Create waves in heavy ropes using alternating or simultaneous arm movements.",
    "image_url": null,
    "primary_muscle": [
      17
    ],
    "secondary_muscles": [
      18,
      27
    ],
    "equipment": [
      21
    ],
    "goals": [
      3,
      4,
      5,
      8
    ]
  }
},
{
  "model": "workouts.exercise",
  "pk": 67,
  "fields": {
    "name": "Farmer's Walk",
    "mechanics": "compound",
    "difficulty": "beginner",
    "description": "Walk while holding heavy weights at your sides, maintaining posture.",
    "image_url": null,
    "primary_muscle": [
      22
    ],
    "secondary_muscles": [
      21,
      27
    ],
    "equipment": [
      9,
      10
    ],
    "goals": [
      1,
      3
    ]
  }
},
{
  "model": "workouts.exercise",
  "pk": 68,
  "fields": {
    "name": "Shrugs",
    "mechanics": "isolation",
    "difficulty": "beginner",
    "description": "Elevate your shoulders toward your ears while holding weights.",
    "image_url": null,
    "primary_muscle": [
      26
    ],
    "secondary_muscles": [],
    "equipment": [
      8,
      9
    ],
    "goals": [
      2
    ]
  }
},
{
  "model": "workouts.exercise",
  "pk": 69,
  "fields": {
    "name": "Hip Thrusts",
    "mechanics": "compound",
    "difficulty": "intermediate",
    "description": "Thrust hips upward with upper back on bench and weight across hips.",
    "image_url": null,
    "primary_muscle": [
      31
    ],
    "secondary_muscles": [
      30
    ],
    "equipment": [
      8,
      13
    ],
    "goals": [
      1,
      2,
      9
    ]
  }
},
{
  "model": "workouts.exercise",
  "pk": 70,
  "fields": {
    "name": "Bulgarian Split Squat",
    "mechanics": "compound",
    "difficulty": "intermediate",
    "description": "Perform single-leg squats with rear foot elevated on bench.",
    "image_url": null,
    "primary_muscle": [
      29
    ],
    "secondary_muscles": [
      31
    ],
    "equipment": [
      9,
      13
    ],
    "goals": [
      1,
      2
    ]
  }
},
{
  "model": "workouts.exercise",
  "pk": 71,
  "fields": {
    "name": "TRX Rows",
    "mechanics": "compound",
    "difficulty": "intermediate",
    "description": "Pull your body toward handles while leaning back in TRX straps.",
    "image_url": null,
    "primary_muscle": [
      23
    ],
    "secondary_muscles": [
      20,
      24
    ],
    "equipment": [
      20
    ],
    "goals": [
      1,
      3
    ]
  }
},
{
  "model": "workouts.exercise",
  "pk": 72,
  "fields": {
    "name": "Cable Rows",
    "mechanics": "compound",
    "difficulty": "beginner",
    "description": "Pull cable handle toward torso while seated, squeezing shoulder blades.",
    "image_url": null,
    "primary_muscle": [
      23
    ],
    "secondary_muscles": [
      24
    ],
    "equipment": [
      23
    ],
    "goals": [
      1,
      2
    ]
  }
},
{
  "model": "accounts.profile",
  "pk": 1,
  "fields": {
    "user": 1,
    "height": 900.0,
    "weight": 50.0,
    "birth_date": "1899-12-31"
  }
},
{
  "model": "accounts.profile",
  "pk": 2,
  "fields": {
    "user": 2,
    "height": 1234.0,
    "weight": 4321.0,
    "birth_date": "1234-01-02"
  }
},
{
  "model": "accounts.profile",
  "pk": 3,
  "fields": {
    "user": 3,
    "height": 6.0,
    "weight": 220.0,
    "birth_date": "2004-07-16"
  }
},
{
  "model": "accounts.profile",
  "pk": 4,
  "fields": {
    "user": 4,
    "height": null,
    "weight": null,
    "birth_date": null
  }
},
{
  "model": "community_page.post",
  "pk": 1,
  "fields": {
    "author": 3,
    "content": "I want to Post Something cool",
    "image": "posts/Joel.jpg",
    "created_at": "2025-10-06T23:34:19.343Z",
    "likes": [
      4
    ]
  }
},
{
  "model": "community_page.post",
  "pk": 2,
  "fields": {
    "author": 3,
    "content": "This is JoelSwole. OG, the coolest dude around",
    "image": "posts/JoelAI.png",
    "created_at": "2025-10-07T00:21:49.791Z",
    "likes": [
      3
    ]
  }
},
{
  "model": "community_page.post",
  "pk": 6,
  "fields": {
    "author": 3,
    "content": "Delete me",
    "image": "",
    "created_at": "2025-10-09T17:27:05.922Z",
    "likes": []
  }
},
{
  "model": "community_page.post",
  "pk": 7,
  "fields": {
    "author": 4,
    "content": "wow MocFit+ looks so cool! I can't wait for more updates!!!",
    "image": "",
    "created_at": "2025-10-10T00:45:24.179Z",
    "likes": [
      3
    ]
  }
},
{
  "model": "community_page.comment",
  "pk": 1,
  "fields": {
    "post": 1,
    "author": 3,
    "content": "Wow it's so much like him!!",
    "created_at": "2025-10-06T23:34:38.818Z"
  }
},
{
  "model": "community_page.comment",
  "pk": 2,
  "fields": {
    "post": 2,
    "author": 3,
    "content": "He definitely has some swag to his look;)",
    "created_at": "2025-10-07T00:22:36.799Z"
  }
},
{
  "model": "community_page.comment",
  "pk": 5,
  "fields": {
    "post": 6,
    "author": 4,
    "content": "don't delete",
    "created_at": "2025-10-10T00:53:04.009Z"
  }
},
{
  "model": "community_page.comment",
  "pk": 6,
  "fields": {
    "post": 7,
    "author": 3,
    "content": "helllooooo",
    "created_at": "2025-10-16T01:44:18.630Z"
  }
},
{
  "model": "community_page.comment",
  "pk": 7,
  "fields": {
    "post": 2,
    "author": 3,
    "content": "delete",
    "created_at": "2025-10-16T01:48:30.329Z"
  }
},
{
  "model": "community_page.comment",
  "pk": 8,
  "fields": {
    "post": 2,
    "author": 3,
    "content": "hellooo",
    "created_at": "2025-10-16T01:52:26.286Z"
  }
}
]
